SYMBOL,STRIKE_PR,EXPIRY_DT,TIMESTAMP,Approx_Spot_Price
BANKNIFTY,29700.0,2019-08-01,2019-08-01,28339.731785500506
BANKNIFTY,29700.0,2019-08-01,2019-08-01,28339.731785500506
BANKNIFTY,29700.0,2019-08-08,2019-08-01,28448.234198113598
BANKNIFTY,29700.0,2019-08-08,2019-08-01,28448.234198113598
BANKNIFTY,29700.0,2019-08-14,2019-08-01,31259.856655299616
BANKNIFTY,29700.0,2019-08-14,2019-08-01,31259.856655299616
BANKNIFTY,29700.0,2019-08-22,2019-08-01,31037.7344168661
BANKNIFTY,29700.0,2019-08-22,2019-08-01,31037.7344168661
BANKNIFTY,29700.0,2019-08-29,2019-08-01,28080.550385231792
BANKNIFTY,29700.0,2019-08-29,2019-08-01,28080.550385231792
BANKNIFTY,29700.0,2019-09-05,2019-08-01,30782.19355811672
BANKNIFTY,29700.0,2019-09-05,2019-08-01,30782.19355811672
BANKNIFTY,29700.0,2019-09-12,2019-08-01,30891.66390944686
BANKNIFTY,29700.0,2019-09-12,2019-08-01,30891.66390944686
BANKNIFTY,29700.0,2019-09-19,2019-08-01,30573.36141317318
BANKNIFTY,29700.0,2019-09-19,2019-08-01,30573.36141317318
BANKNIFTY,29700.0,2019-09-26,2019-08-01,31538.886043271617
BANKNIFTY,29700.0,2019-09-26,2019-08-01,31538.886043271617
BANKNIFTY,29700.0,2019-10-31,2019-08-01,29200.66518024789
BANKNIFTY,29700.0,2019-10-31,2019-08-01,29200.66518024789
ACC,1400.0,2019-08-29,2019-08-01,1567.1904221994785
ACC,1400.0,2019-08-29,2019-08-01,1567.1904221994785
ACC,1400.0,2019-09-26,2019-08-01,1593.7013623091
ACC,1400.0,2019-09-26,2019-08-01,1593.7013623091
ACC,1400.0,2019-10-31,2019-08-01,1592.7062711227961
ACC,1400.0,2019-10-31,2019-08-01,1592.7062711227961
BANKNIFTY,29700.0,2019-11-07,2019-11-01,30275.449070248906
BANKNIFTY,29700.0,2019-11-07,2019-11-01,30275.449070248906
BANKNIFTY,29700.0,2019-11-14,2019-11-01,30045.006655299614
BANKNIFTY,29700.0,2019-11-14,2019-11-01,30045.006655299614
BANKNIFTY,29700.0,2019-11-21,2019-11-01,29197.59150082672
BANKNIFTY,29700.0,2019-11-21,2019-11-01,29197.59150082672
BANKNIFTY,29700.0,2019-11-28,2019-11-01,30257.153580702576
BANKNIFTY,29700.0,2019-11-28,2019-11-01,30257.153580702576
BANKNIFTY,29700.0,2019-12-05,2019-11-01,28587.692868824564
BANKNIFTY,29700.0,2019-12-05,2019-11-01,28587.692868824564
BANKNIFTY,29700.0,2019-12-12,2019-11-01,28298.009339115095
BANKNIFTY,29700.0,2019-12-12,2019-11-01,28298.009339115095
BANKNIFTY,29700.0,2019-12-19,2019-11-01,29096.702965521567
BANKNIFTY,29700.0,2019-12-19,2019-11-01,29096.702965521567
BANKNIFTY,29700.0,2019-12-26,2019-11-01,30231.57372201635
BANKNIFTY,29700.0,2019-12-26,2019-11-01,30231.57372201635
BANKNIFTY,29700.0,2020-01-02,2019-11-01,29190.37158259676
BANKNIFTY,29700.0,2020-01-02,2019-11-01,29190.37158259676
BANKNIFTY,29700.0,2020-01-30,2019-11-01,30135.28354659276
BANKNIFTY,29700.0,2020-01-30,2019-11-01,30135.28354659276
ACC,1400.0,2019-11-28,2019-11-01,1556.3314819186398
ACC,1400.0,2019-11-28,2019-11-01,1556.3314819186398
ACC,1400.0,2019-12-26,2019-11-01,1656.841690600097
ACC,1400.0,2019-12-26,2019-11-01,1656.841690600097
ACC,1400.0,2020-01-30,2019-11-01,1571.2956890649784
ACC,1400.0,2020-01-30,2019-11-01,1571.2956890649784
BANKNIFTY,29700.0,2019-10-03,2019-10-01,28772.8641282525
BANKNIFTY,29700.0,2019-10-03,2019-10-01,28772.8641282525
BANKNIFTY,29700.0,2019-10-10,2019-10-01,28794.556124147693
BANKNIFTY,29700.0,2019-10-10,2019-10-01,28794.556124147693
BANKNIFTY,29700.0,2019-10-17,2019-10-01,28077.625395460625
BANKNIFTY,29700.0,2019-10-17,2019-10-01,28077.625395460625
BANKNIFTY,29700.0,2019-10-24,2019-10-01,29718.071916049324
BANKNIFTY,29700.0,2019-10-24,2019-10-01,29718.071916049324
BANKNIFTY,29700.0,2019-10-31,2019-10-01,28832.895659796868
BANKNIFTY,29700.0,2019-10-31,2019-10-01,28832.895659796868
BANKNIFTY,29700.0,2019-11-07,2019-10-01,28214.046600611382
BANKNIFTY,29700.0,2019-11-07,2019-10-01,28214.046600611382
BANKNIFTY,29700.0,2019-11-14,2019-10-01,28216.62471242597
BANKNIFTY,29700.0,2019-11-14,2019-10-01,28216.62471242597
BANKNIFTY,29700.0,2019-11-21,2019-10-01,29072.07996919875
BANKNIFTY,29700.0,2019-11-21,2019-10-01,29072.07996919875
BANKNIFTY,29700.0,2019-11-28,2019-10-01,28228.71234491278
BANKNIFTY,29700.0,2019-11-28,2019-10-01,28228.71234491278
BANKNIFTY,29700.0,2019-12-26,2019-10-01,30106.662517714925
BANKNIFTY,29700.0,2019-12-26,2019-10-01,30106.662517714925
ACC,1400.0,2019-10-31,2019-10-01,1684.308381269886
ACC,1400.0,2019-10-31,2019-10-01,1684.308381269886
ACC,1400.0,2019-11-28,2019-10-01,1510.4207839352825
ACC,1400.0,2019-11-28,2019-10-01,1510.4207839352825
ACC,1400.0,2019-12-26,2019-10-01,1650.9536203636665
ACC,1400.0,2019-12-26,2019-10-01,1650.9536203636665
BANKNIFTY,29700.0,2019-08-08,2019-08-02,28283.199070248906
BANKNIFTY,29700.0,2019-08-08,2019-08-02,28283.199070248906
BANKNIFTY,29700.0,2019-08-14,2019-08-02,31263.918187816766
BANKNIFTY,29700.0,2019-08-14,2019-08-02,31263.918187816766
BANKNIFTY,29700.0,2019-08-22,2019-08-02,31041.79150082672
BANKNIFTY,29700.0,2019-08-22,2019-08-02,31041.79150082672
BANKNIFTY,29700.0,2019-08-29,2019-08-02,28255.953580702575
BANKNIFTY,29700.0,2019-08-29,2019-08-02,28255.953580702575
BANKNIFTY,29700.0,2019-09-05,2019-08-02,30786.242868824564
BANKNIFTY,29700.0,2019-09-05,2019-08-02,30786.242868824564
BANKNIFTY,29700.0,2019-09-12,2019-08-02,30895.709339115096
BANKNIFTY,29700.0,2019-09-12,2019-08-02,30895.709339115096
BANKNIFTY,29700.0,2019-09-19,2019-08-02,30577.402965521567
BANKNIFTY,29700.0,2019-09-19,2019-08-02,30577.402965521567
BANKNIFTY,29700.0,2019-09-26,2019-08-02,31542.92372201635
BANKNIFTY,29700.0,2019-09-26,2019-08-02,31542.92372201635
BANKNIFTY,29700.0,2019-10-03,2019-08-02,28450.47158259676
BANKNIFTY,29700.0,2019-10-03,2019-08-02,28450.47158259676
BANKNIFTY,29700.0,2019-10-31,2019-08-02,29204.683546592758
BANKNIFTY,29700.0,2019-10-31,2019-08-02,29204.683546592758
ACC,1400.0,2019-08-29,2019-08-02,1569.2814819186399
ACC,1400.0,2019-08-29,2019-08-02,1569.2814819186399
ACC,1400.0,2019-09-26,2019-08-02,1593.8916906000973
ACC,1400.0,2019-09-26,2019-08-02,1593.8916906000973
ACC,1400.0,2019-10-31,2019-08-02,1592.8956890649783
ACC,1400.0,2019-10-31,2019-08-02,1592.8956890649783
BANKNIFTY,29700.0,2019-10-03,2019-10-03,28418.281785500505
BANKNIFTY,29700.0,2019-10-03,2019-10-03,28418.281785500505
BANKNIFTY,29700.0,2019-10-10,2019-10-03,28439.884198113596
BANKNIFTY,29700.0,2019-10-10,2019-10-03,28439.884198113596
BANKNIFTY,29700.0,2019-10-17,2019-10-03,28086.695679118675
BANKNIFTY,29700.0,2019-10-17,2019-10-03,28086.695679118675
BANKNIFTY,29700.0,2019-10-24,2019-10-03,29726.1844168661
BANKNIFTY,29700.0,2019-10-24,2019-10-03,29726.1844168661
BANKNIFTY,29700.0,2019-10-31,2019-10-03,28616.65038523179
BANKNIFTY,29700.0,2019-10-31,2019-10-03,28616.65038523179
BANKNIFTY,29700.0,2019-11-07,2019-10-03,28222.14355811672
BANKNIFTY,29700.0,2019-11-07,2019-10-03,28222.14355811672
BANKNIFTY,29700.0,2019-11-14,2019-10-03,28224.71390944686
BANKNIFTY,29700.0,2019-11-14,2019-10-03,28224.71390944686
BANKNIFTY,29700.0,2019-11-21,2019-10-03,29080.16141317318
BANKNIFTY,29700.0,2019-11-21,2019-10-03,29080.16141317318
BANKNIFTY,29700.0,2019-11-28,2019-10-03,28236.78604327162
BANKNIFTY,29700.0,2019-11-28,2019-10-03,28236.78604327162
BANKNIFTY,29700.0,2019-12-26,2019-10-03,30114.705307777698
BANKNIFTY,29700.0,2019-12-26,2019-10-03,30114.705307777698
ACC,1400.0,2019-10-31,2019-10-03,1680.6404221994785
ACC,1400.0,2019-10-31,2019-10-03,1680.6404221994785
ACC,1400.0,2019-11-28,2019-10-03,1510.8013623090999
ACC,1400.0,2019-11-28,2019-10-03,1510.8013623090999
ACC,1400.0,2019-12-26,2019-10-03,1651.3327417807668
ACC,1400.0,2019-12-26,2019-10-03,1651.3327417807668
BANKNIFTY,29700.0,2019-09-05,2019-09-03,29168.5641282525
BANKNIFTY,29700.0,2019-09-05,2019-09-03,29168.5641282525
BANKNIFTY,29700.0,2019-09-12,2019-09-03,31025.45612414769
BANKNIFTY,29700.0,2019-09-12,2019-09-03,31025.45612414769
BANKNIFTY,29700.0,2019-09-19,2019-09-03,30707.025395460623
BANKNIFTY,29700.0,2019-09-19,2019-09-03,30707.025395460623
BANKNIFTY,29700.0,2019-09-26,2019-09-03,31672.421916049323
BANKNIFTY,29700.0,2019-09-26,2019-09-03,31672.421916049323
BANKNIFTY,29700.0,2019-10-03,2019-09-03,28579.84565979687
BANKNIFTY,29700.0,2019-10-03,2019-09-03,28579.84565979687
BANKNIFTY,29700.0,2019-10-10,2019-09-03,28279.94660061138
BANKNIFTY,29700.0,2019-10-10,2019-09-03,28279.94660061138
BANKNIFTY,29700.0,2019-10-17,2019-09-03,28339.674712425975
BANKNIFTY,29700.0,2019-10-17,2019-09-03,28339.674712425975
BANKNIFTY,29700.0,2019-10-24,2019-09-03,28211.02996919875
BANKNIFTY,29700.0,2019-10-24,2019-09-03,28211.02996919875
BANKNIFTY,29700.0,2019-10-31,2019-09-03,29333.562344912778
BANKNIFTY,29700.0,2019-10-31,2019-09-03,29333.562344912778
ACC,1400.0,2019-09-26,2019-09-03,1447.8459825747157
ACC,1400.0,2019-09-26,2019-09-03,1447.8459825747157
ACC,1400.0,2019-10-31,2019-09-03,1598.9707839352825
ACC,1400.0,2019-10-31,2019-09-03,1598.9707839352825
ACC,1400.0,2019-11-28,2019-09-03,1505.1036203636666
ACC,1400.0,2019-11-28,2019-09-03,1505.1036203636666
BANKNIFTY,29700.0,2019-11-07,2019-11-04,30333.04702817965
BANKNIFTY,29700.0,2019-11-07,2019-11-04,30333.04702817965
BANKNIFTY,29700.0,2019-11-14,2019-11-04,30098.742922164573
BANKNIFTY,29700.0,2019-11-14,2019-11-04,30098.742922164573
BANKNIFTY,29700.0,2019-11-21,2019-11-04,29209.766087831125
BANKNIFTY,29700.0,2019-11-21,2019-11-04,29209.766087831125
BANKNIFTY,29700.0,2019-11-28,2019-11-04,30245.81649904093
BANKNIFTY,29700.0,2019-11-28,2019-11-04,30245.81649904093
BANKNIFTY,29700.0,2019-12-05,2019-11-04,28599.84412968064
BANKNIFTY,29700.0,2019-12-05,2019-11-04,28599.84412968064
BANKNIFTY,29700.0,2019-12-12,2019-11-04,28310.148953661934
BANKNIFTY,29700.0,2019-12-12,2019-11-04,28310.148953661934
BANKNIFTY,29700.0,2019-12-19,2019-11-04,29108.830944921516
BANKNIFTY,29700.0,2019-12-19,2019-11-04,29108.830944921516
BANKNIFTY,29700.0,2019-12-26,2019-11-04,30243.69007742105
BANKNIFTY,29700.0,2019-12-26,2019-11-04,30243.69007742105
BANKNIFTY,29700.0,2020-01-02,2019-11-04,29202.476325147167
BANKNIFTY,29700.0,2020-01-02,2019-11-04,29202.476325147167
BANKNIFTY,29700.0,2020-01-30,2019-11-04,30147.341948922127
BANKNIFTY,29700.0,2020-01-30,2019-11-04,30147.341948922127
ACC,1400.0,2019-11-28,2019-11-04,1585.4048181366095
ACC,1400.0,2019-11-28,2019-11-04,1585.4048181366095
ACC,1400.0,2019-12-26,2019-11-04,1657.4128319323054
ACC,1400.0,2019-12-26,2019-11-04,1657.4128319323054
ACC,1400.0,2020-01-30,2019-11-04,1571.8640986023897
ACC,1400.0,2020-01-30,2019-11-04,1571.8640986023897
BANKNIFTY,29700.0,2019-10-10,2019-10-04,27727.349070248907
BANKNIFTY,29700.0,2019-10-10,2019-10-04,27727.349070248907
BANKNIFTY,29700.0,2019-10-17,2019-10-04,27923.606655299616
BANKNIFTY,29700.0,2019-10-17,2019-10-04,27923.606655299616
BANKNIFTY,29700.0,2019-10-24,2019-10-04,29730.24150082672
BANKNIFTY,29700.0,2019-10-24,2019-10-04,29730.24150082672
BANKNIFTY,29700.0,2019-10-31,2019-10-04,27792.053580702577
BANKNIFTY,29700.0,2019-10-31,2019-10-04,27792.053580702577
BANKNIFTY,29700.0,2019-11-07,2019-10-04,28130.342868824562
BANKNIFTY,29700.0,2019-11-07,2019-10-04,28130.342868824562
BANKNIFTY,29700.0,2019-11-14,2019-10-04,28228.759339115095
BANKNIFTY,29700.0,2019-11-14,2019-10-04,28228.759339115095
BANKNIFTY,29700.0,2019-11-21,2019-10-04,29084.202965521567
BANKNIFTY,29700.0,2019-11-21,2019-10-04,29084.202965521567
BANKNIFTY,29700.0,2019-11-28,2019-10-04,28240.82372201635
BANKNIFTY,29700.0,2019-11-28,2019-10-04,28240.82372201635
BANKNIFTY,29700.0,2019-12-05,2019-10-04,28474.52158259676
BANKNIFTY,29700.0,2019-12-05,2019-10-04,28474.52158259676
BANKNIFTY,29700.0,2019-12-26,2019-10-04,30118.727529198597
BANKNIFTY,29700.0,2019-12-26,2019-10-04,30118.727529198597
ACC,1400.0,2019-10-31,2019-10-04,1523.2814819186399
ACC,1400.0,2019-10-31,2019-10-04,1523.2814819186399
ACC,1400.0,2019-11-28,2019-10-04,1510.9916906000972
ACC,1400.0,2019-11-28,2019-10-04,1510.9916906000972
ACC,1400.0,2019-12-26,2019-10-04,1651.5223414437048
ACC,1400.0,2019-12-26,2019-10-04,1651.5223414437048
BANKNIFTY,29700.0,2019-09-05,2019-09-04,29171.931785500507
BANKNIFTY,29700.0,2019-09-05,2019-09-04,29171.931785500507
BANKNIFTY,29700.0,2019-09-12,2019-09-04,31029.519882771943
BANKNIFTY,29700.0,2019-09-12,2019-09-04,31029.519882771943
BANKNIFTY,29700.0,2019-09-19,2019-09-04,30711.085259197745
BANKNIFTY,29700.0,2019-09-19,2019-09-04,30711.085259197745
BANKNIFTY,29700.0,2019-09-26,2019-09-04,31676.47788863234
BANKNIFTY,29700.0,2019-09-26,2019-09-04,31676.47788863234
BANKNIFTY,29700.0,2019-10-03,2019-09-04,28583.897744955244
BANKNIFTY,29700.0,2019-10-03,2019-09-04,28583.897744955244
BANKNIFTY,29700.0,2019-10-10,2019-09-04,28283.994802070985
BANKNIFTY,29700.0,2019-10-10,2019-09-04,28283.994802070985
BANKNIFTY,29700.0,2019-10-17,2019-09-04,28343.719033909125
BANKNIFTY,29700.0,2019-10-17,2019-09-04,28343.719033909125
BANKNIFTY,29700.0,2019-10-24,2019-09-04,28215.070414424186
BANKNIFTY,29700.0,2019-10-24,2019-09-04,28215.070414424186
BANKNIFTY,29700.0,2019-10-31,2019-09-04,29337.59891759568
BANKNIFTY,29700.0,2019-10-31,2019-09-04,29337.59891759568
ACC,1400.0,2019-09-26,2019-09-04,1449.7871732015244
ACC,1400.0,2019-09-26,2019-09-04,1449.7871732015244
ACC,1400.0,2019-10-31,2019-09-04,1599.1610600886852
ACC,1400.0,2019-10-31,2019-09-04,1599.1610600886852
ACC,1400.0,2019-11-28,2019-09-04,1505.2931680886065
ACC,1400.0,2019-11-28,2019-09-04,1505.2931680886065
BANKNIFTY,29700.0,2019-08-08,2019-08-05,28290.34702817965
BANKNIFTY,29700.0,2019-08-08,2019-08-05,28290.34702817965
BANKNIFTY,29700.0,2019-08-14,2019-08-05,29836.556124147693
BANKNIFTY,29700.0,2019-08-14,2019-08-05,29836.556124147693
BANKNIFTY,29700.0,2019-08-22,2019-08-05,31053.966087831126
BANKNIFTY,29700.0,2019-08-22,2019-08-05,31053.966087831126
BANKNIFTY,29700.0,2019-08-29,2019-08-05,27736.06649904093
BANKNIFTY,29700.0,2019-08-29,2019-08-05,27736.06649904093
BANKNIFTY,29700.0,2019-09-05,2019-08-05,30798.39412968064
BANKNIFTY,29700.0,2019-09-05,2019-08-05,30798.39412968064
BANKNIFTY,29700.0,2019-09-12,2019-08-05,30907.848953661935
BANKNIFTY,29700.0,2019-09-12,2019-08-05,30907.848953661935
BANKNIFTY,29700.0,2019-09-19,2019-08-05,30589.530944921516
BANKNIFTY,29700.0,2019-09-19,2019-08-05,30589.530944921516
BANKNIFTY,29700.0,2019-09-26,2019-08-05,31555.04007742105
BANKNIFTY,29700.0,2019-09-26,2019-08-05,31555.04007742105
BANKNIFTY,29700.0,2019-10-03,2019-08-05,28462.57632514717
BANKNIFTY,29700.0,2019-10-03,2019-08-05,28462.57632514717
BANKNIFTY,29700.0,2019-10-31,2019-08-05,29216.741948922125
BANKNIFTY,29700.0,2019-10-31,2019-08-05,29216.741948922125
ACC,1400.0,2019-08-29,2019-08-05,1511.4048181366095
ACC,1400.0,2019-08-29,2019-08-05,1511.4048181366095
ACC,1400.0,2019-09-26,2019-08-05,1594.4628319323056
ACC,1400.0,2019-09-26,2019-08-05,1594.4628319323056
ACC,1400.0,2019-10-31,2019-08-05,1593.4640986023896
ACC,1400.0,2019-10-31,2019-08-05,1593.4640986023896
BANKNIFTY,29700.0,2019-11-07,2019-11-05,30229.5141282525
BANKNIFTY,29700.0,2019-11-07,2019-11-05,30229.5141282525
BANKNIFTY,29700.0,2019-11-14,2019-11-05,30262.806124147693
BANKNIFTY,29700.0,2019-11-14,2019-11-05,30262.806124147693
BANKNIFTY,29700.0,2019-11-21,2019-11-05,29213.825395460623
BANKNIFTY,29700.0,2019-11-21,2019-11-05,29213.825395460623
BANKNIFTY,29700.0,2019-11-28,2019-11-05,30109.221916049326
BANKNIFTY,29700.0,2019-11-28,2019-11-05,30109.221916049326
BANKNIFTY,29700.0,2019-12-05,2019-11-05,28603.895659796868
BANKNIFTY,29700.0,2019-12-05,2019-11-05,28603.895659796868
BANKNIFTY,29700.0,2019-12-12,2019-11-05,28314.19660061138
BANKNIFTY,29700.0,2019-12-12,2019-11-05,28314.19660061138
BANKNIFTY,29700.0,2019-12-19,2019-11-05,29112.87471242597
BANKNIFTY,29700.0,2019-12-19,2019-11-05,29112.87471242597
BANKNIFTY,29700.0,2019-12-26,2019-11-05,30247.72996919875
BANKNIFTY,29700.0,2019-12-26,2019-11-05,30247.72996919875
BANKNIFTY,29700.0,2020-01-02,2019-11-05,29206.51234491278
BANKNIFTY,29700.0,2020-01-02,2019-11-05,29206.51234491278
BANKNIFTY,29700.0,2020-01-30,2019-11-05,30151.362517714926
BANKNIFTY,29700.0,2020-01-30,2019-11-05,30151.362517714926
ACC,1400.0,2019-11-28,2019-11-05,1577.6959825747156
ACC,1400.0,2019-11-28,2019-11-05,1577.6959825747156
ACC,1400.0,2019-12-26,2019-11-05,1657.6032645413552
ACC,1400.0,2019-12-26,2019-11-05,1657.6032645413552
ACC,1400.0,2020-01-30,2019-11-05,1572.0536203636666
ACC,1400.0,2020-01-30,2019-11-05,1572.0536203636666
BANKNIFTY,29700.0,2019-09-05,2019-09-05,29171.931785500507
BANKNIFTY,29700.0,2019-09-05,2019-09-05,29171.931785500507
BANKNIFTY,29700.0,2019-09-12,2019-09-05,31033.584198113596
BANKNIFTY,29700.0,2019-09-12,2019-09-05,31033.584198113596
BANKNIFTY,29700.0,2019-09-19,2019-09-05,30715.145679118676
BANKNIFTY,29700.0,2019-09-19,2019-09-05,30715.145679118676
BANKNIFTY,29700.0,2019-09-26,2019-09-05,31680.534416866103
BANKNIFTY,29700.0,2019-09-26,2019-09-05,31680.534416866103
BANKNIFTY,29700.0,2019-10-03,2019-09-05,28587.950385231794
BANKNIFTY,29700.0,2019-10-03,2019-09-05,28587.950385231794
BANKNIFTY,29700.0,2019-10-10,2019-09-05,28288.04355811672
BANKNIFTY,29700.0,2019-10-10,2019-09-05,28288.04355811672
BANKNIFTY,29700.0,2019-10-17,2019-09-05,28347.76390944686
BANKNIFTY,29700.0,2019-10-17,2019-09-05,28347.76390944686
BANKNIFTY,29700.0,2019-10-24,2019-09-05,28219.11141317318
BANKNIFTY,29700.0,2019-10-24,2019-09-05,28219.11141317318
BANKNIFTY,29700.0,2019-10-31,2019-09-05,29341.636043271617
BANKNIFTY,29700.0,2019-10-31,2019-09-05,29341.636043271617
ACC,1400.0,2019-09-26,2019-09-05,1455.4783900206241
ACC,1400.0,2019-09-26,2019-09-05,1455.4783900206241
ACC,1400.0,2019-10-31,2019-09-05,1599.3513623090998
ACC,1400.0,2019-10-31,2019-09-05,1599.3513623090998
ACC,1400.0,2019-11-28,2019-09-05,1505.482741780767
ACC,1400.0,2019-11-28,2019-09-05,1505.482741780767
BANKNIFTY,29700.0,2019-08-08,2019-08-06,27933.7641282525
BANKNIFTY,29700.0,2019-08-08,2019-08-06,27933.7641282525
BANKNIFTY,29700.0,2019-08-14,2019-08-06,29840.619882771945
BANKNIFTY,29700.0,2019-08-14,2019-08-06,29840.619882771945
BANKNIFTY,29700.0,2019-08-22,2019-08-06,31058.025395460623
BANKNIFTY,29700.0,2019-08-22,2019-08-06,31058.025395460623
BANKNIFTY,29700.0,2019-08-29,2019-08-06,28048.921916049323
BANKNIFTY,29700.0,2019-08-29,2019-08-06,28048.921916049323
BANKNIFTY,29700.0,2019-09-05,2019-08-06,30802.445659796867
BANKNIFTY,29700.0,2019-09-05,2019-08-06,30802.445659796867
BANKNIFTY,29700.0,2019-09-12,2019-08-06,30911.89660061138
BANKNIFTY,29700.0,2019-09-12,2019-08-06,30911.89660061138
BANKNIFTY,29700.0,2019-09-19,2019-08-06,30593.574712425972
BANKNIFTY,29700.0,2019-09-19,2019-08-06,30593.574712425972
BANKNIFTY,29700.0,2019-09-26,2019-08-06,31559.07996919875
BANKNIFTY,29700.0,2019-09-26,2019-08-06,31559.07996919875
BANKNIFTY,29700.0,2019-10-03,2019-08-06,28466.61234491278
BANKNIFTY,29700.0,2019-10-03,2019-08-06,28466.61234491278
BANKNIFTY,29700.0,2019-10-31,2019-08-06,29220.762517714924
BANKNIFTY,29700.0,2019-10-31,2019-08-06,29220.762517714924
ACC,1400.0,2019-08-29,2019-08-06,1515.6959825747156
ACC,1400.0,2019-08-29,2019-08-06,1515.6959825747156
ACC,1400.0,2019-09-26,2019-08-06,1594.6532645413554
ACC,1400.0,2019-09-26,2019-08-06,1594.6532645413554
ACC,1400.0,2019-10-31,2019-08-06,1593.6536203636665
ACC,1400.0,2019-10-31,2019-08-06,1593.6536203636665
BANKNIFTY,29700.0,2019-11-07,2019-11-06,30607.831785500508
BANKNIFTY,29700.0,2019-11-07,2019-11-06,30607.831785500508
BANKNIFTY,29700.0,2019-11-14,2019-11-06,30601.719882771944
BANKNIFTY,29700.0,2019-11-14,2019-11-06,30601.719882771944
BANKNIFTY,29700.0,2019-11-21,2019-11-06,30486.535259197746
BANKNIFTY,29700.0,2019-11-21,2019-11-06,30486.535259197746
BANKNIFTY,29700.0,2019-11-28,2019-11-06,30491.42788863234
BANKNIFTY,29700.0,2019-11-28,2019-11-06,30491.42788863234
BANKNIFTY,29700.0,2019-12-05,2019-11-06,28607.947744955243
BANKNIFTY,29700.0,2019-12-05,2019-11-06,28607.947744955243
BANKNIFTY,29700.0,2019-12-12,2019-11-06,28318.244802070985
BANKNIFTY,29700.0,2019-12-12,2019-11-06,28318.244802070985
BANKNIFTY,29700.0,2019-12-19,2019-11-06,29116.919033909122
BANKNIFTY,29700.0,2019-12-19,2019-11-06,29116.919033909122
BANKNIFTY,29700.0,2019-12-26,2019-11-06,30251.770414424187
BANKNIFTY,29700.0,2019-12-26,2019-11-06,30251.770414424187
BANKNIFTY,29700.0,2020-01-02,2019-11-06,29210.54891759568
BANKNIFTY,29700.0,2020-01-02,2019-11-06,29210.54891759568
BANKNIFTY,29700.0,2020-01-30,2019-11-06,30155.383637308296
BANKNIFTY,29700.0,2020-01-30,2019-11-06,30155.383637308296
ACC,1400.0,2019-11-28,2019-11-06,1579.5871732015244
ACC,1400.0,2019-11-28,2019-11-06,1579.5871732015244
ACC,1400.0,2019-12-26,2019-11-06,1657.7937232388506
ACC,1400.0,2019-12-26,2019-11-06,1657.7937232388506
ACC,1400.0,2020-01-30,2019-11-06,1572.2431680886066
ACC,1400.0,2020-01-30,2019-11-06,1572.2431680886066
BANKNIFTY,29700.0,2019-09-12,2019-09-06,31037.649070248906
BANKNIFTY,29700.0,2019-09-12,2019-09-06,31037.649070248906
BANKNIFTY,29700.0,2019-09-19,2019-09-06,30719.206655299615
BANKNIFTY,29700.0,2019-09-19,2019-09-06,30719.206655299615
BANKNIFTY,29700.0,2019-09-26,2019-09-06,31684.59150082672
BANKNIFTY,29700.0,2019-09-26,2019-09-06,31684.59150082672
BANKNIFTY,29700.0,2019-10-03,2019-09-06,28592.003580702578
BANKNIFTY,29700.0,2019-10-03,2019-09-06,28592.003580702578
BANKNIFTY,29700.0,2019-10-10,2019-09-06,28292.092868824562
BANKNIFTY,29700.0,2019-10-10,2019-09-06,28292.092868824562
BANKNIFTY,29700.0,2019-10-17,2019-09-06,28351.809339115098
BANKNIFTY,29700.0,2019-10-17,2019-09-06,28351.809339115098
BANKNIFTY,29700.0,2019-10-24,2019-09-06,28223.152965521567
BANKNIFTY,29700.0,2019-10-24,2019-09-06,28223.152965521567
BANKNIFTY,29700.0,2019-10-31,2019-09-06,29345.67372201635
BANKNIFTY,29700.0,2019-10-31,2019-09-06,29345.67372201635
ACC,1400.0,2019-09-26,2019-09-06,1459.119633035603
ACC,1400.0,2019-09-26,2019-09-06,1459.119633035603
ACC,1400.0,2019-10-31,2019-09-06,1599.5416906000971
ACC,1400.0,2019-10-31,2019-09-06,1599.5416906000971
ACC,1400.0,2019-11-28,2019-09-06,1505.672341443705
ACC,1400.0,2019-11-28,2019-09-06,1505.672341443705
BANKNIFTY,29700.0,2019-08-08,2019-08-07,28130.381785500507
BANKNIFTY,29700.0,2019-08-08,2019-08-07,28130.381785500507
BANKNIFTY,29700.0,2019-08-14,2019-08-07,27714.534198113597
BANKNIFTY,29700.0,2019-08-14,2019-08-07,27714.534198113597
BANKNIFTY,29700.0,2019-08-22,2019-08-07,31062.085259197745
BANKNIFTY,29700.0,2019-08-22,2019-08-07,31062.085259197745
BANKNIFTY,29700.0,2019-08-29,2019-08-07,27642.827888632342
BANKNIFTY,29700.0,2019-08-29,2019-08-07,27642.827888632342
BANKNIFTY,29700.0,2019-09-05,2019-08-07,30806.497744955243
BANKNIFTY,29700.0,2019-09-05,2019-08-07,30806.497744955243
BANKNIFTY,29700.0,2019-09-12,2019-08-07,30915.944802070986
BANKNIFTY,29700.0,2019-09-12,2019-08-07,30915.944802070986
BANKNIFTY,29700.0,2019-09-19,2019-08-07,30597.619033909123
BANKNIFTY,29700.0,2019-09-19,2019-08-07,30597.619033909123
BANKNIFTY,29700.0,2019-09-26,2019-08-07,31563.120414424186
BANKNIFTY,29700.0,2019-09-26,2019-08-07,31563.120414424186
BANKNIFTY,29700.0,2019-10-03,2019-08-07,28470.64891759568
BANKNIFTY,29700.0,2019-10-03,2019-08-07,28470.64891759568
BANKNIFTY,29700.0,2019-10-31,2019-08-07,29224.783637308294
BANKNIFTY,29700.0,2019-10-31,2019-08-07,29224.783637308294
ACC,1400.0,2019-08-29,2019-08-07,1515.5371732015244
ACC,1400.0,2019-08-29,2019-08-07,1515.5371732015244
ACC,1400.0,2019-09-26,2019-08-07,1594.8437232388508
ACC,1400.0,2019-09-26,2019-08-07,1594.8437232388508
ACC,1400.0,2019-10-31,2019-08-07,1593.8431680886065
ACC,1400.0,2019-10-31,2019-08-07,1593.8431680886065
BANKNIFTY,29700.0,2019-11-07,2019-11-07,30634.131785500507
BANKNIFTY,29700.0,2019-11-07,2019-11-07,30634.131785500507
BANKNIFTY,29700.0,2019-11-14,2019-11-07,30559.734198113598
BANKNIFTY,29700.0,2019-11-14,2019-11-07,30559.734198113598
BANKNIFTY,29700.0,2019-11-21,2019-11-07,30490.595679118676
BANKNIFTY,29700.0,2019-11-21,2019-11-07,30490.595679118676
BANKNIFTY,29700.0,2019-11-28,2019-11-07,30449.7344168661
BANKNIFTY,29700.0,2019-11-28,2019-11-07,30449.7344168661
BANKNIFTY,29700.0,2019-12-05,2019-11-07,28612.000385231793
BANKNIFTY,29700.0,2019-12-05,2019-11-07,28612.000385231793
BANKNIFTY,29700.0,2019-12-12,2019-11-07,28322.29355811672
BANKNIFTY,29700.0,2019-12-12,2019-11-07,28322.29355811672
BANKNIFTY,29700.0,2019-12-19,2019-11-07,29120.96390944686
BANKNIFTY,29700.0,2019-12-19,2019-11-07,29120.96390944686
BANKNIFTY,29700.0,2019-12-26,2019-11-07,30255.81141317318
BANKNIFTY,29700.0,2019-12-26,2019-11-07,30255.81141317318
BANKNIFTY,29700.0,2020-01-02,2019-11-07,29214.586043271618
BANKNIFTY,29700.0,2020-01-02,2019-11-07,29214.586043271618
BANKNIFTY,29700.0,2020-01-30,2019-11-07,30159.4053077777
BANKNIFTY,29700.0,2020-01-30,2019-11-07,30159.4053077777
ACC,1400.0,2019-11-28,2019-11-07,1582.9783900206241
ACC,1400.0,2019-11-28,2019-11-07,1582.9783900206241
ACC,1400.0,2019-12-26,2019-11-07,1657.9842080283654
ACC,1400.0,2019-12-26,2019-11-07,1657.9842080283654
ACC,1400.0,2020-01-30,2019-11-07,1572.432741780767
ACC,1400.0,2020-01-30,2019-11-07,1572.432741780767
BANKNIFTY,29700.0,2019-10-10,2019-10-07,27936.64702817965
BANKNIFTY,29700.0,2019-10-10,2019-10-07,27936.64702817965
BANKNIFTY,29700.0,2019-10-17,2019-10-07,27902.992922164573
BANKNIFTY,29700.0,2019-10-17,2019-10-07,27902.992922164573
BANKNIFTY,29700.0,2019-10-24,2019-10-07,29742.416087831127
BANKNIFTY,29700.0,2019-10-24,2019-10-07,29742.416087831127
BANKNIFTY,29700.0,2019-10-31,2019-10-07,27848.266499040932
BANKNIFTY,29700.0,2019-10-31,2019-10-07,27848.266499040932
BANKNIFTY,29700.0,2019-11-07,2019-10-07,28497.24412968064
BANKNIFTY,29700.0,2019-11-07,2019-10-07,28497.24412968064
BANKNIFTY,29700.0,2019-11-14,2019-10-07,28240.898953661934
BANKNIFTY,29700.0,2019-11-14,2019-10-07,28240.898953661934
BANKNIFTY,29700.0,2019-11-21,2019-10-07,29096.330944921516
BANKNIFTY,29700.0,2019-11-21,2019-10-07,29096.330944921516
BANKNIFTY,29700.0,2019-11-28,2019-10-07,28252.94007742105
BANKNIFTY,29700.0,2019-11-28,2019-10-07,28252.94007742105
BANKNIFTY,29700.0,2019-12-05,2019-10-07,28486.62632514717
BANKNIFTY,29700.0,2019-12-05,2019-10-07,28486.62632514717
BANKNIFTY,29700.0,2019-12-26,2019-10-07,30130.79749992512
BANKNIFTY,29700.0,2019-12-26,2019-10-07,30130.79749992512
ACC,1400.0,2019-10-31,2019-10-07,1456.6048181366095
ACC,1400.0,2019-10-31,2019-10-07,1456.6048181366095
ACC,1400.0,2019-11-28,2019-10-07,1511.5628319323055
ACC,1400.0,2019-11-28,2019-10-07,1511.5628319323055
ACC,1400.0,2019-12-26,2019-10-07,1652.0912962927664
ACC,1400.0,2019-12-26,2019-10-07,1652.0912962927664
BANKNIFTY,29700.0,2019-08-08,2019-08-08,28116.781785500505
BANKNIFTY,29700.0,2019-08-08,2019-08-08,28116.781785500505
BANKNIFTY,29700.0,2019-08-14,2019-08-08,27723.549070248908
BANKNIFTY,29700.0,2019-08-14,2019-08-08,27723.549070248908
BANKNIFTY,29700.0,2019-08-22,2019-08-08,31066.145679118676
BANKNIFTY,29700.0,2019-08-22,2019-08-08,31066.145679118676
BANKNIFTY,29700.0,2019-08-29,2019-08-08,28084.4344168661
BANKNIFTY,29700.0,2019-08-29,2019-08-08,28084.4344168661
BANKNIFTY,29700.0,2019-09-05,2019-08-08,30810.550385231792
BANKNIFTY,29700.0,2019-09-05,2019-08-08,30810.550385231792
BANKNIFTY,29700.0,2019-09-12,2019-08-08,30919.99355811672
BANKNIFTY,29700.0,2019-09-12,2019-08-08,30919.99355811672
BANKNIFTY,29700.0,2019-09-19,2019-08-08,30601.66390944686
BANKNIFTY,29700.0,2019-09-19,2019-08-08,30601.66390944686
BANKNIFTY,29700.0,2019-09-26,2019-08-08,31567.161413173184
BANKNIFTY,29700.0,2019-09-26,2019-08-08,31567.161413173184
BANKNIFTY,29700.0,2019-10-03,2019-08-08,28474.68604327162
BANKNIFTY,29700.0,2019-10-03,2019-08-08,28474.68604327162
BANKNIFTY,29700.0,2019-10-31,2019-08-08,29228.805307777697
BANKNIFTY,29700.0,2019-10-31,2019-08-08,29228.805307777697
ACC,1400.0,2019-08-29,2019-08-08,1577.528390020624
ACC,1400.0,2019-08-29,2019-08-08,1577.528390020624
ACC,1400.0,2019-09-26,2019-08-08,1595.0342080283656
ACC,1400.0,2019-09-26,2019-08-08,1595.0342080283656
ACC,1400.0,2019-10-31,2019-08-08,1594.0327417807669
ACC,1400.0,2019-10-31,2019-08-08,1594.0327417807669
BANKNIFTY,29700.0,2019-11-14,2019-11-08,30676.099070248907
BANKNIFTY,29700.0,2019-11-14,2019-11-08,30676.099070248907
BANKNIFTY,29700.0,2019-11-21,2019-11-08,30547.106655299616
BANKNIFTY,29700.0,2019-11-21,2019-11-08,30547.106655299616
BANKNIFTY,29700.0,2019-11-28,2019-11-08,30491.54150082672
BANKNIFTY,29700.0,2019-11-28,2019-11-08,30491.54150082672
BANKNIFTY,29700.0,2019-12-05,2019-11-08,28616.053580702577
BANKNIFTY,29700.0,2019-12-05,2019-11-08,28616.053580702577
BANKNIFTY,29700.0,2019-12-12,2019-11-08,28326.342868824562
BANKNIFTY,29700.0,2019-12-12,2019-11-08,28326.342868824562
BANKNIFTY,29700.0,2019-12-19,2019-11-08,29125.009339115095
BANKNIFTY,29700.0,2019-12-19,2019-11-08,29125.009339115095
BANKNIFTY,29700.0,2019-12-26,2019-11-08,30259.852965521568
BANKNIFTY,29700.0,2019-12-26,2019-11-08,30259.852965521568
BANKNIFTY,29700.0,2020-01-02,2019-11-08,29218.62372201635
BANKNIFTY,29700.0,2020-01-02,2019-11-08,29218.62372201635
BANKNIFTY,29700.0,2020-01-09,2019-11-08,30681.37158259676
BANKNIFTY,29700.0,2020-01-09,2019-11-08,30681.37158259676
BANKNIFTY,29700.0,2020-01-30,2019-11-08,30163.427529198598
BANKNIFTY,29700.0,2020-01-30,2019-11-08,30163.427529198598
ACC,1400.0,2019-11-28,2019-11-08,1577.019633035603
ACC,1400.0,2019-11-28,2019-11-08,1577.019633035603
ACC,1400.0,2019-12-26,2019-11-08,1658.1747189134744
ACC,1400.0,2019-12-26,2019-11-08,1658.1747189134744
ACC,1400.0,2020-01-30,2019-11-08,1572.622341443705
ACC,1400.0,2020-01-30,2019-11-08,1572.622341443705
BANKNIFTY,29700.0,2019-08-14,2019-08-09,27724.714499254158
BANKNIFTY,29700.0,2019-08-14,2019-08-09,27724.714499254158
BANKNIFTY,29700.0,2019-08-22,2019-08-09,31070.206655299615
BANKNIFTY,29700.0,2019-08-22,2019-08-09,31070.206655299615
BANKNIFTY,29700.0,2019-08-29,2019-08-09,28409.99150082672
BANKNIFTY,29700.0,2019-08-29,2019-08-09,28409.99150082672
BANKNIFTY,29700.0,2019-09-05,2019-08-09,30814.603580702576
BANKNIFTY,29700.0,2019-09-05,2019-08-09,30814.603580702576
BANKNIFTY,29700.0,2019-09-12,2019-08-09,30924.042868824563
BANKNIFTY,29700.0,2019-09-12,2019-08-09,30924.042868824563
BANKNIFTY,29700.0,2019-09-19,2019-08-09,30605.709339115096
BANKNIFTY,29700.0,2019-09-19,2019-08-09,30605.709339115096
BANKNIFTY,29700.0,2019-09-26,2019-08-09,31571.202965521567
BANKNIFTY,29700.0,2019-09-26,2019-08-09,31571.202965521567
BANKNIFTY,29700.0,2019-10-03,2019-08-09,28478.72372201635
BANKNIFTY,29700.0,2019-10-03,2019-08-09,28478.72372201635
BANKNIFTY,29700.0,2019-10-10,2019-08-09,28178.92158259676
BANKNIFTY,29700.0,2019-10-10,2019-08-09,28178.92158259676
BANKNIFTY,29700.0,2019-10-31,2019-08-09,29232.827529198596
BANKNIFTY,29700.0,2019-10-31,2019-08-09,29232.827529198596
ACC,1400.0,2019-08-29,2019-08-09,1577.719633035603
ACC,1400.0,2019-08-29,2019-08-09,1577.719633035603
ACC,1400.0,2019-09-26,2019-08-09,1595.2247189134746
ACC,1400.0,2019-09-26,2019-08-09,1595.2247189134746
ACC,1400.0,2019-10-31,2019-08-09,1594.2223414437049
ACC,1400.0,2019-10-31,2019-08-09,1594.2223414437049
BANKNIFTY,29700.0,2019-10-10,2019-10-09,28682.931785500507
BANKNIFTY,29700.0,2019-10-10,2019-10-09,28682.931785500507
BANKNIFTY,29700.0,2019-10-17,2019-10-09,28030.469882771944
BANKNIFTY,29700.0,2019-10-17,2019-10-09,28030.469882771944
BANKNIFTY,29700.0,2019-10-24,2019-10-09,29750.535259197746
BANKNIFTY,29700.0,2019-10-24,2019-10-09,29750.535259197746
BANKNIFTY,29700.0,2019-10-31,2019-10-09,28797.22788863234
BANKNIFTY,29700.0,2019-10-31,2019-10-09,28797.22788863234
BANKNIFTY,29700.0,2019-11-07,2019-10-09,28505.34774495524
BANKNIFTY,29700.0,2019-11-07,2019-10-09,28505.34774495524
BANKNIFTY,29700.0,2019-11-14,2019-10-09,28248.994802070985
BANKNIFTY,29700.0,2019-11-14,2019-10-09,28248.994802070985
BANKNIFTY,29700.0,2019-11-21,2019-10-09,29104.419033909122
BANKNIFTY,29700.0,2019-11-21,2019-10-09,29104.419033909122
BANKNIFTY,29700.0,2019-11-28,2019-10-09,28261.020414424187
BANKNIFTY,29700.0,2019-11-28,2019-10-09,28261.020414424187
BANKNIFTY,29700.0,2019-12-05,2019-10-09,28494.69891759568
BANKNIFTY,29700.0,2019-12-05,2019-10-09,28494.69891759568
BANKNIFTY,29700.0,2019-12-26,2019-10-09,30138.846903217665
BANKNIFTY,29700.0,2019-12-26,2019-10-09,30138.846903217665
ACC,1400.0,2019-10-31,2019-10-09,1471.5371732015244
ACC,1400.0,2019-10-31,2019-10-09,1471.5371732015244
ACC,1400.0,2019-11-28,2019-10-09,1511.9437232388507
ACC,1400.0,2019-11-28,2019-10-09,1511.9437232388507
ACC,1400.0,2019-12-26,2019-10-09,1652.4707294446036
ACC,1400.0,2019-12-26,2019-10-09,1652.4707294446036
BANKNIFTY,29700.0,2019-09-12,2019-09-09,31049.84702817965
BANKNIFTY,29700.0,2019-09-12,2019-09-09,31049.84702817965
BANKNIFTY,29700.0,2019-09-19,2019-09-09,30731.39292216457
BANKNIFTY,29700.0,2019-09-19,2019-09-09,30731.39292216457
BANKNIFTY,29700.0,2019-09-26,2019-09-09,31696.76608783113
BANKNIFTY,29700.0,2019-09-26,2019-09-09,31696.76608783113
BANKNIFTY,29700.0,2019-10-03,2019-09-09,28604.166499040934
BANKNIFTY,29700.0,2019-10-03,2019-09-09,28604.166499040934
BANKNIFTY,29700.0,2019-10-10,2019-09-09,28304.24412968064
BANKNIFTY,29700.0,2019-10-10,2019-09-09,28304.24412968064
BANKNIFTY,29700.0,2019-10-17,2019-09-09,28363.948953661937
BANKNIFTY,29700.0,2019-10-17,2019-09-09,28363.948953661937
BANKNIFTY,29700.0,2019-10-24,2019-09-09,28235.280944921516
BANKNIFTY,29700.0,2019-10-24,2019-09-09,28235.280944921516
BANKNIFTY,29700.0,2019-10-31,2019-09-09,29357.79007742105
BANKNIFTY,29700.0,2019-10-31,2019-09-09,29357.79007742105
ACC,1400.0,2019-09-26,2019-09-09,1462.993519291703
ACC,1400.0,2019-09-26,2019-09-09,1462.993519291703
ACC,1400.0,2019-10-31,2019-09-09,1600.1128319323054
ACC,1400.0,2019-10-31,2019-09-09,1600.1128319323054
ACC,1400.0,2019-11-28,2019-09-09,1506.2412962927665
ACC,1400.0,2019-11-28,2019-09-09,1506.2412962927665
BANKNIFTY,29700.0,2019-10-10,2019-10-10,27965.631785500507
BANKNIFTY,29700.0,2019-10-10,2019-10-10,27965.631785500507
BANKNIFTY,29700.0,2019-10-17,2019-10-10,28322.734198113598
BANKNIFTY,29700.0,2019-10-17,2019-10-10,28322.734198113598
BANKNIFTY,29700.0,2019-10-24,2019-10-10,29754.595679118676
BANKNIFTY,29700.0,2019-10-24,2019-10-10,29754.595679118676
BANKNIFTY,29700.0,2019-10-31,2019-10-10,28030.8844168661
BANKNIFTY,29700.0,2019-10-31,2019-10-10,28030.8844168661
BANKNIFTY,29700.0,2019-11-07,2019-10-10,28509.40038523179
BANKNIFTY,29700.0,2019-11-07,2019-10-10,28509.40038523179
BANKNIFTY,29700.0,2019-11-14,2019-10-10,28253.04355811672
BANKNIFTY,29700.0,2019-11-14,2019-10-10,28253.04355811672
BANKNIFTY,29700.0,2019-11-21,2019-10-10,29108.46390944686
BANKNIFTY,29700.0,2019-11-21,2019-10-10,29108.46390944686
BANKNIFTY,29700.0,2019-11-28,2019-10-10,28265.06141317318
BANKNIFTY,29700.0,2019-11-28,2019-10-10,28265.06141317318
BANKNIFTY,29700.0,2019-12-05,2019-10-10,28498.73604327162
BANKNIFTY,29700.0,2019-12-05,2019-10-10,28498.73604327162
BANKNIFTY,29700.0,2019-12-26,2019-10-10,30142.87243193296
BANKNIFTY,29700.0,2019-12-26,2019-10-10,30142.87243193296
ACC,1400.0,2019-10-31,2019-10-10,1425.528390020624
ACC,1400.0,2019-10-31,2019-10-10,1425.528390020624
ACC,1400.0,2019-11-28,2019-10-10,1509.7342080283654
ACC,1400.0,2019-11-28,2019-10-10,1509.7342080283654
ACC,1400.0,2019-12-26,2019-10-10,1652.6604850069407
ACC,1400.0,2019-12-26,2019-10-10,1652.6604850069407
BANKNIFTY,29700.0,2019-11-14,2019-11-11,30717.89702817965
BANKNIFTY,29700.0,2019-11-14,2019-11-11,30717.89702817965
BANKNIFTY,29700.0,2019-11-21,2019-11-11,30632.14292216457
BANKNIFTY,29700.0,2019-11-21,2019-11-11,30632.14292216457
BANKNIFTY,29700.0,2019-11-28,2019-11-11,30582.266087831125
BANKNIFTY,29700.0,2019-11-28,2019-11-11,30582.266087831125
BANKNIFTY,29700.0,2019-12-05,2019-11-11,28628.216499040933
BANKNIFTY,29700.0,2019-12-05,2019-11-11,28628.216499040933
BANKNIFTY,29700.0,2019-12-12,2019-11-11,28338.49412968064
BANKNIFTY,29700.0,2019-12-12,2019-11-11,28338.49412968064
BANKNIFTY,29700.0,2019-12-19,2019-11-11,29137.148953661934
BANKNIFTY,29700.0,2019-12-19,2019-11-11,29137.148953661934
BANKNIFTY,29700.0,2019-12-26,2019-11-11,30271.980944921517
BANKNIFTY,29700.0,2019-12-26,2019-11-11,30271.980944921517
BANKNIFTY,29700.0,2020-01-02,2019-11-11,29230.74007742105
BANKNIFTY,29700.0,2020-01-02,2019-11-11,29230.74007742105
BANKNIFTY,29700.0,2020-01-09,2019-11-11,30693.476325147167
BANKNIFTY,29700.0,2020-01-09,2019-11-11,30693.476325147167
BANKNIFTY,29700.0,2020-01-30,2019-11-11,30175.49749992512
BANKNIFTY,29700.0,2020-01-30,2019-11-11,30175.49749992512
ACC,1400.0,2019-11-28,2019-11-11,1506.293519291703
ACC,1400.0,2019-11-28,2019-11-11,1506.293519291703
ACC,1400.0,2019-12-26,2019-11-11,1658.7464081781186
ACC,1400.0,2019-12-26,2019-11-11,1658.7464081781186
ACC,1400.0,2020-01-30,2019-11-11,1573.1912962927665
ACC,1400.0,2020-01-30,2019-11-11,1573.1912962927665
BANKNIFTY,29700.0,2019-10-17,2019-10-11,28396.049070248908
BANKNIFTY,29700.0,2019-10-17,2019-10-11,28396.049070248908
BANKNIFTY,29700.0,2019-10-24,2019-10-11,28982.956655299615
BANKNIFTY,29700.0,2019-10-24,2019-10-11,28982.956655299615
BANKNIFTY,29700.0,2019-10-31,2019-10-11,28067.14150082672
BANKNIFTY,29700.0,2019-10-31,2019-10-11,28067.14150082672
BANKNIFTY,29700.0,2019-11-07,2019-10-11,28513.453580702575
BANKNIFTY,29700.0,2019-11-07,2019-10-11,28513.453580702575
BANKNIFTY,29700.0,2019-11-14,2019-10-11,28257.092868824562
BANKNIFTY,29700.0,2019-11-14,2019-10-11,28257.092868824562
BANKNIFTY,29700.0,2019-11-21,2019-10-11,29112.509339115095
BANKNIFTY,29700.0,2019-11-21,2019-10-11,29112.509339115095
BANKNIFTY,29700.0,2019-11-28,2019-10-11,28269.102965521568
BANKNIFTY,29700.0,2019-11-28,2019-10-11,28269.102965521568
BANKNIFTY,29700.0,2019-12-05,2019-10-11,28502.77372201635
BANKNIFTY,29700.0,2019-12-05,2019-10-11,28502.77372201635
BANKNIFTY,29700.0,2019-12-26,2019-10-11,30146.89851212831
BANKNIFTY,29700.0,2019-12-26,2019-10-11,30146.89851212831
ACC,1400.0,2019-10-31,2019-10-11,1442.0696330356031
ACC,1400.0,2019-10-31,2019-10-11,1442.0696330356031
ACC,1400.0,2019-11-28,2019-10-11,1509.9247189134744
ACC,1400.0,2019-11-28,2019-10-11,1509.9247189134744
ACC,1400.0,2019-12-26,2019-10-11,1652.8502665649708
ACC,1400.0,2019-12-26,2019-10-11,1652.8502665649708
BANKNIFTY,29700.0,2019-09-12,2019-09-11,31057.981785500506
BANKNIFTY,29700.0,2019-09-12,2019-09-11,31057.981785500506
BANKNIFTY,29700.0,2019-09-19,2019-09-11,30739.519882771943
BANKNIFTY,29700.0,2019-09-19,2019-09-11,30739.519882771943
BANKNIFTY,29700.0,2019-09-26,2019-09-11,31704.88525919775
BANKNIFTY,29700.0,2019-09-26,2019-09-11,31704.88525919775
BANKNIFTY,29700.0,2019-10-03,2019-09-11,28612.277888632343
BANKNIFTY,29700.0,2019-10-03,2019-09-11,28612.277888632343
BANKNIFTY,29700.0,2019-10-10,2019-09-11,28312.34774495524
BANKNIFTY,29700.0,2019-10-10,2019-09-11,28312.34774495524
BANKNIFTY,29700.0,2019-10-17,2019-09-11,28372.04480207099
BANKNIFTY,29700.0,2019-10-17,2019-09-11,28372.04480207099
BANKNIFTY,29700.0,2019-10-24,2019-09-11,28243.369033909123
BANKNIFTY,29700.0,2019-10-24,2019-09-11,28243.369033909123
BANKNIFTY,29700.0,2019-10-31,2019-09-11,29365.870414424186
BANKNIFTY,29700.0,2019-10-31,2019-09-11,29365.870414424186
ACC,1400.0,2019-09-26,2019-09-11,1487.4762411743043
ACC,1400.0,2019-09-26,2019-09-11,1487.4762411743043
ACC,1400.0,2019-10-31,2019-09-11,1600.4937232388506
ACC,1400.0,2019-10-31,2019-09-11,1600.4937232388506
ACC,1400.0,2019-11-28,2019-09-11,1506.6207294446037
ACC,1400.0,2019-11-28,2019-09-11,1506.6207294446037
BANKNIFTY,29700.0,2019-09-12,2019-09-12,31057.981785500506
BANKNIFTY,29700.0,2019-09-12,2019-09-12,31057.981785500506
BANKNIFTY,29700.0,2019-09-19,2019-09-12,30743.584198113596
BANKNIFTY,29700.0,2019-09-19,2019-09-12,30743.584198113596
BANKNIFTY,29700.0,2019-09-26,2019-09-12,31708.945679118675
BANKNIFTY,29700.0,2019-09-26,2019-09-12,31708.945679118675
BANKNIFTY,29700.0,2019-10-03,2019-09-12,28616.334416866102
BANKNIFTY,29700.0,2019-10-03,2019-09-12,28616.334416866102
BANKNIFTY,29700.0,2019-10-10,2019-09-12,28316.40038523179
BANKNIFTY,29700.0,2019-10-10,2019-09-12,28316.40038523179
BANKNIFTY,29700.0,2019-10-17,2019-09-12,28376.09355811672
BANKNIFTY,29700.0,2019-10-17,2019-09-12,28376.09355811672
BANKNIFTY,29700.0,2019-10-24,2019-09-12,28247.41390944686
BANKNIFTY,29700.0,2019-10-24,2019-09-12,28247.41390944686
BANKNIFTY,29700.0,2019-10-31,2019-09-12,29369.91141317318
BANKNIFTY,29700.0,2019-10-31,2019-09-12,29369.91141317318
ACC,1400.0,2019-09-26,2019-09-12,1490.5676414399377
ACC,1400.0,2019-09-26,2019-09-12,1490.5676414399377
ACC,1400.0,2019-10-31,2019-09-12,1600.6842080283654
ACC,1400.0,2019-10-31,2019-09-12,1600.6842080283654
ACC,1400.0,2019-11-28,2019-09-12,1506.8104850069408
ACC,1400.0,2019-11-28,2019-09-12,1506.8104850069408
BANKNIFTY,29700.0,2019-08-14,2019-08-13,27734.431785500507
BANKNIFTY,29700.0,2019-08-14,2019-08-13,27734.431785500507
BANKNIFTY,29700.0,2019-08-22,2019-08-13,31086.45612414769
BANKNIFTY,29700.0,2019-08-22,2019-08-13,31086.45612414769
BANKNIFTY,29700.0,2019-08-29,2019-08-13,27722.175395460625
BANKNIFTY,29700.0,2019-08-29,2019-08-13,27722.175395460625
BANKNIFTY,29700.0,2019-09-05,2019-08-13,30830.821916049324
BANKNIFTY,29700.0,2019-09-05,2019-08-13,30830.821916049324
BANKNIFTY,29700.0,2019-09-12,2019-08-13,30940.245659796867
BANKNIFTY,29700.0,2019-09-12,2019-08-13,30940.245659796867
BANKNIFTY,29700.0,2019-09-19,2019-08-13,30621.89660061138
BANKNIFTY,29700.0,2019-09-19,2019-08-13,30621.89660061138
BANKNIFTY,29700.0,2019-09-26,2019-08-13,31587.374712425975
BANKNIFTY,29700.0,2019-09-26,2019-08-13,31587.374712425975
BANKNIFTY,29700.0,2019-10-03,2019-08-13,28494.87996919875
BANKNIFTY,29700.0,2019-10-03,2019-08-13,28494.87996919875
BANKNIFTY,29700.0,2019-10-10,2019-08-13,28195.062344912778
BANKNIFTY,29700.0,2019-10-10,2019-08-13,28195.062344912778
BANKNIFTY,29700.0,2019-10-31,2019-08-13,29248.9219259069
BANKNIFTY,29700.0,2019-10-31,2019-08-13,29248.9219259069
ACC,1400.0,2019-08-29,2019-08-13,1578.83486712609
ACC,1400.0,2019-08-29,2019-08-13,1578.83486712609
ACC,1400.0,2019-09-26,2019-08-13,1595.987023481359
ACC,1400.0,2019-09-26,2019-08-13,1595.987023481359
ACC,1400.0,2019-10-31,2019-08-13,1594.9809998743992
ACC,1400.0,2019-10-31,2019-08-13,1594.9809998743992
BANKNIFTY,29700.0,2019-11-14,2019-11-13,30545.881785500507
BANKNIFTY,29700.0,2019-11-14,2019-11-13,30545.881785500507
BANKNIFTY,29700.0,2019-11-21,2019-11-13,30777.669882771945
BANKNIFTY,29700.0,2019-11-21,2019-11-13,30777.669882771945
BANKNIFTY,29700.0,2019-11-28,2019-11-13,30711.735259197747
BANKNIFTY,29700.0,2019-11-28,2019-11-13,30711.735259197747
BANKNIFTY,29700.0,2019-12-05,2019-11-13,28636.327888632342
BANKNIFTY,29700.0,2019-12-05,2019-11-13,28636.327888632342
BANKNIFTY,29700.0,2019-12-12,2019-11-13,28346.59774495524
BANKNIFTY,29700.0,2019-12-12,2019-11-13,28346.59774495524
BANKNIFTY,29700.0,2019-12-19,2019-11-13,29145.244802070985
BANKNIFTY,29700.0,2019-12-19,2019-11-13,29145.244802070985
BANKNIFTY,29700.0,2019-12-26,2019-11-13,30280.069033909123
BANKNIFTY,29700.0,2019-12-26,2019-11-13,30280.069033909123
BANKNIFTY,29700.0,2020-01-02,2019-11-13,29238.820414424186
BANKNIFTY,29700.0,2020-01-02,2019-11-13,29238.820414424186
BANKNIFTY,29700.0,2020-01-09,2019-11-13,30701.54891759568
BANKNIFTY,29700.0,2020-01-09,2019-11-13,30701.54891759568
BANKNIFTY,29700.0,2020-01-30,2019-11-13,30183.546903217666
BANKNIFTY,29700.0,2020-01-30,2019-11-13,30183.546903217666
ACC,1400.0,2019-11-28,2019-11-13,1505.6762411743043
ACC,1400.0,2019-11-28,2019-11-13,1505.6762411743043
ACC,1400.0,2019-12-26,2019-11-13,1659.127664898073
ACC,1400.0,2019-12-26,2019-11-13,1659.127664898073
ACC,1400.0,2020-01-30,2019-11-13,1573.5707294446038
ACC,1400.0,2020-01-30,2019-11-13,1573.5707294446038
BANKNIFTY,29700.0,2019-09-19,2019-09-13,29226.449070248906
BANKNIFTY,29700.0,2019-09-19,2019-09-13,29226.449070248906
BANKNIFTY,29700.0,2019-09-26,2019-09-13,31713.006655299614
BANKNIFTY,29700.0,2019-09-26,2019-09-13,31713.006655299614
BANKNIFTY,29700.0,2019-10-03,2019-09-13,28620.39150082672
BANKNIFTY,29700.0,2019-10-03,2019-09-13,28620.39150082672
BANKNIFTY,29700.0,2019-10-10,2019-09-13,28320.453580702575
BANKNIFTY,29700.0,2019-10-10,2019-09-13,28320.453580702575
BANKNIFTY,29700.0,2019-10-17,2019-09-13,28380.142868824565
BANKNIFTY,29700.0,2019-10-17,2019-09-13,28380.142868824565
BANKNIFTY,29700.0,2019-10-24,2019-09-13,28251.459339115096
BANKNIFTY,29700.0,2019-10-24,2019-09-13,28251.459339115096
BANKNIFTY,29700.0,2019-10-31,2019-09-13,29373.952965521567
BANKNIFTY,29700.0,2019-10-31,2019-09-13,29373.952965521567
ACC,1400.0,2019-09-26,2019-09-13,1499.859067926581
ACC,1400.0,2019-09-26,2019-09-13,1499.859067926581
ACC,1400.0,2019-10-31,2019-09-13,1481.3247189134745
ACC,1400.0,2019-10-31,2019-09-13,1481.3247189134745
ACC,1400.0,2019-11-28,2019-09-13,1507.0002665649708
ACC,1400.0,2019-11-28,2019-09-13,1507.0002665649708
BANKNIFTY,29700.0,2019-08-14,2019-08-14,27732.981785500506
BANKNIFTY,29700.0,2019-08-14,2019-08-14,27732.981785500506
BANKNIFTY,29700.0,2019-08-22,2019-08-14,31090.519882771943
BANKNIFTY,29700.0,2019-08-22,2019-08-14,31090.519882771943
BANKNIFTY,29700.0,2019-08-29,2019-08-14,28000.435259197748
BANKNIFTY,29700.0,2019-08-29,2019-08-14,28000.435259197748
BANKNIFTY,29700.0,2019-09-05,2019-08-14,30834.87788863234
BANKNIFTY,29700.0,2019-09-05,2019-08-14,30834.87788863234
BANKNIFTY,29700.0,2019-09-12,2019-08-14,30944.29774495524
BANKNIFTY,29700.0,2019-09-12,2019-08-14,30944.29774495524
BANKNIFTY,29700.0,2019-09-19,2019-08-14,30625.944802070986
BANKNIFTY,29700.0,2019-09-19,2019-08-14,30625.944802070986
BANKNIFTY,29700.0,2019-09-26,2019-08-14,31591.419033909122
BANKNIFTY,29700.0,2019-09-26,2019-08-14,31591.419033909122
BANKNIFTY,29700.0,2019-10-03,2019-08-14,28498.92041442419
BANKNIFTY,29700.0,2019-10-03,2019-08-14,28498.92041442419
BANKNIFTY,29700.0,2019-10-10,2019-08-14,28199.09891759568
BANKNIFTY,29700.0,2019-10-10,2019-08-14,28199.09891759568
BANKNIFTY,29700.0,2019-10-31,2019-08-14,29252.946903217664
BANKNIFTY,29700.0,2019-10-31,2019-08-14,29252.946903217664
ACC,1400.0,2019-08-29,2019-08-14,1580.1262411743044
ACC,1400.0,2019-08-29,2019-08-14,1580.1262411743044
ACC,1400.0,2019-09-26,2019-08-14,1596.177664898073
ACC,1400.0,2019-09-26,2019-08-14,1596.177664898073
ACC,1400.0,2019-10-31,2019-08-14,1595.1707294446037
ACC,1400.0,2019-10-31,2019-08-14,1595.1707294446037
BANKNIFTY,29700.0,2019-11-14,2019-11-14,30722.981785500506
BANKNIFTY,29700.0,2019-11-14,2019-11-14,30722.981785500506
BANKNIFTY,29700.0,2019-11-21,2019-11-14,30662.884198113596
BANKNIFTY,29700.0,2019-11-21,2019-11-14,30662.884198113596
BANKNIFTY,29700.0,2019-11-28,2019-11-14,30617.245679118678
BANKNIFTY,29700.0,2019-11-28,2019-11-14,30617.245679118678
BANKNIFTY,29700.0,2019-12-05,2019-11-14,28640.3844168661
BANKNIFTY,29700.0,2019-12-05,2019-11-14,28640.3844168661
BANKNIFTY,29700.0,2019-12-12,2019-11-14,28350.65038523179
BANKNIFTY,29700.0,2019-12-12,2019-11-14,28350.65038523179
BANKNIFTY,29700.0,2019-12-19,2019-11-14,29149.29355811672
BANKNIFTY,29700.0,2019-12-19,2019-11-14,29149.29355811672
BANKNIFTY,29700.0,2019-12-26,2019-11-14,30284.11390944686
BANKNIFTY,29700.0,2019-12-26,2019-11-14,30284.11390944686
BANKNIFTY,29700.0,2020-01-02,2019-11-14,29242.86141317318
BANKNIFTY,29700.0,2020-01-02,2019-11-14,29242.86141317318
BANKNIFTY,29700.0,2020-01-09,2019-11-14,30705.586043271618
BANKNIFTY,29700.0,2020-01-09,2019-11-14,30705.586043271618
BANKNIFTY,29700.0,2020-01-30,2019-11-14,30187.57243193296
BANKNIFTY,29700.0,2020-01-30,2019-11-14,30187.57243193296
ACC,1400.0,2019-11-28,2019-11-14,1508.1176414399376
ACC,1400.0,2019-11-28,2019-11-14,1508.1176414399376
ACC,1400.0,2019-12-26,2019-11-14,1659.3183324318384
ACC,1400.0,2019-12-26,2019-11-14,1659.3183324318384
ACC,1400.0,2020-01-30,2019-11-14,1573.7604850069408
ACC,1400.0,2020-01-30,2019-11-14,1573.7604850069408
BANKNIFTY,29700.0,2019-10-17,2019-10-14,28382.09702817965
BANKNIFTY,29700.0,2019-10-17,2019-10-14,28382.09702817965
BANKNIFTY,29700.0,2019-10-24,2019-10-14,28343.64292216457
BANKNIFTY,29700.0,2019-10-24,2019-10-14,28343.64292216457
BANKNIFTY,29700.0,2019-10-31,2019-10-14,28148.06608783113
BANKNIFTY,29700.0,2019-10-31,2019-10-14,28148.06608783113
BANKNIFTY,29700.0,2019-11-07,2019-10-14,28525.61649904093
BANKNIFTY,29700.0,2019-11-07,2019-10-14,28525.61649904093
BANKNIFTY,29700.0,2019-11-14,2019-10-14,28269.24412968064
BANKNIFTY,29700.0,2019-11-14,2019-10-14,28269.24412968064
BANKNIFTY,29700.0,2019-11-21,2019-10-14,29124.648953661934
BANKNIFTY,29700.0,2019-11-21,2019-10-14,29124.648953661934
BANKNIFTY,29700.0,2019-11-28,2019-10-14,28281.230944921517
BANKNIFTY,29700.0,2019-11-28,2019-10-14,28281.230944921517
BANKNIFTY,29700.0,2019-12-05,2019-10-14,28514.890077421052
BANKNIFTY,29700.0,2019-12-05,2019-10-14,28514.890077421052
BANKNIFTY,29700.0,2019-12-26,2019-10-14,30158.980062350292
BANKNIFTY,29700.0,2019-12-26,2019-10-14,30158.980062350292
ACC,1400.0,2019-10-31,2019-10-14,1476.1435192917031
ACC,1400.0,2019-10-31,2019-10-14,1476.1435192917031
ACC,1400.0,2019-11-28,2019-10-14,1510.4964081781186
ACC,1400.0,2019-11-28,2019-10-14,1510.4964081781186
ACC,1400.0,2019-12-26,2019-10-14,1653.4197672488353
ACC,1400.0,2019-12-26,2019-10-14,1653.4197672488353
BANKNIFTY,29700.0,2019-11-21,2019-11-15,31027.599070248907
BANKNIFTY,29700.0,2019-11-21,2019-11-15,31027.599070248907
BANKNIFTY,29700.0,2019-11-28,2019-11-15,30677.206655299615
BANKNIFTY,29700.0,2019-11-28,2019-11-15,30677.206655299615
BANKNIFTY,29700.0,2019-12-05,2019-11-15,28644.44150082672
BANKNIFTY,29700.0,2019-12-05,2019-11-15,28644.44150082672
BANKNIFTY,29700.0,2019-12-12,2019-11-15,28354.703580702575
BANKNIFTY,29700.0,2019-12-12,2019-11-15,28354.703580702575
BANKNIFTY,29700.0,2019-12-19,2019-11-15,29153.342868824562
BANKNIFTY,29700.0,2019-12-19,2019-11-15,29153.342868824562
BANKNIFTY,29700.0,2019-12-26,2019-11-15,30288.159339115096
BANKNIFTY,29700.0,2019-12-26,2019-11-15,30288.159339115096
BANKNIFTY,29700.0,2020-01-02,2019-11-15,29246.902965521567
BANKNIFTY,29700.0,2020-01-02,2019-11-15,29246.902965521567
BANKNIFTY,29700.0,2020-01-09,2019-11-15,30709.62372201635
BANKNIFTY,29700.0,2020-01-09,2019-11-15,30709.62372201635
BANKNIFTY,29700.0,2020-01-16,2019-11-15,30798.67158259676
BANKNIFTY,29700.0,2020-01-16,2019-11-15,30798.67158259676
BANKNIFTY,29700.0,2020-01-30,2019-11-15,30191.598512128312
BANKNIFTY,29700.0,2020-01-30,2019-11-15,30191.598512128312
ACC,1400.0,2019-11-28,2019-11-15,1509.359067926581
ACC,1400.0,2019-11-28,2019-11-15,1509.359067926581
ACC,1400.0,2019-12-26,2019-11-15,1659.5090260862335
ACC,1400.0,2019-12-26,2019-11-15,1659.5090260862335
ACC,1400.0,2020-01-30,2019-11-15,1573.950266564971
ACC,1400.0,2020-01-30,2019-11-15,1573.950266564971
BANKNIFTY,29700.0,2019-10-17,2019-10-15,28379.5141282525
BANKNIFTY,29700.0,2019-10-17,2019-10-15,28379.5141282525
BANKNIFTY,29700.0,2019-10-24,2019-10-15,28356.106124147693
BANKNIFTY,29700.0,2019-10-24,2019-10-15,28356.106124147693
BANKNIFTY,29700.0,2019-10-31,2019-10-15,28533.825395460623
BANKNIFTY,29700.0,2019-10-31,2019-10-15,28533.825395460623
BANKNIFTY,29700.0,2019-11-07,2019-10-15,28529.671916049323
BANKNIFTY,29700.0,2019-11-07,2019-10-15,28529.671916049323
BANKNIFTY,29700.0,2019-11-14,2019-10-15,28273.295659796866
BANKNIFTY,29700.0,2019-11-14,2019-10-15,28273.295659796866
BANKNIFTY,29700.0,2019-11-21,2019-10-15,29128.69660061138
BANKNIFTY,29700.0,2019-11-21,2019-10-15,29128.69660061138
BANKNIFTY,29700.0,2019-11-28,2019-10-15,28285.274712425973
BANKNIFTY,29700.0,2019-11-28,2019-10-15,28285.274712425973
BANKNIFTY,29700.0,2019-12-05,2019-10-15,28518.92996919875
BANKNIFTY,29700.0,2019-12-05,2019-10-15,28518.92996919875
BANKNIFTY,29700.0,2019-12-12,2019-10-15,28229.312344912778
BANKNIFTY,29700.0,2019-12-12,2019-10-15,28229.312344912778
BANKNIFTY,29700.0,2019-12-26,2019-10-15,30163.008349221498
BANKNIFTY,29700.0,2019-12-26,2019-10-15,30163.008349221498
ACC,1400.0,2019-10-31,2019-10-15,1496.98486712609
ACC,1400.0,2019-10-31,2019-10-15,1496.98486712609
ACC,1400.0,2019-11-28,2019-10-15,1510.687023481359
ACC,1400.0,2019-11-28,2019-10-15,1510.687023481359
ACC,1400.0,2019-12-26,2019-10-15,1653.6096528252558
ACC,1400.0,2019-12-26,2019-10-15,1653.6096528252558
BANKNIFTY,29700.0,2019-08-22,2019-08-16,29148.349070248907
BANKNIFTY,29700.0,2019-08-22,2019-08-16,29148.349070248907
BANKNIFTY,29700.0,2019-08-29,2019-08-16,28202.106655299616
BANKNIFTY,29700.0,2019-08-29,2019-08-16,28202.106655299616
BANKNIFTY,29700.0,2019-09-05,2019-08-16,30842.99150082672
BANKNIFTY,29700.0,2019-09-05,2019-08-16,30842.99150082672
BANKNIFTY,29700.0,2019-09-12,2019-08-16,30952.403580702576
BANKNIFTY,29700.0,2019-09-12,2019-08-16,30952.403580702576
BANKNIFTY,29700.0,2019-09-19,2019-08-16,30634.042868824563
BANKNIFTY,29700.0,2019-09-19,2019-08-16,30634.042868824563
BANKNIFTY,29700.0,2019-09-26,2019-08-16,31599.509339115095
BANKNIFTY,29700.0,2019-09-26,2019-08-16,31599.509339115095
BANKNIFTY,29700.0,2019-10-03,2019-08-16,28507.00296552157
BANKNIFTY,29700.0,2019-10-03,2019-08-16,28507.00296552157
BANKNIFTY,29700.0,2019-10-10,2019-08-16,28207.17372201635
BANKNIFTY,29700.0,2019-10-10,2019-08-16,28207.17372201635
BANKNIFTY,29700.0,2019-10-31,2019-08-16,29260.99851212831
BANKNIFTY,29700.0,2019-10-31,2019-08-16,29260.99851212831
ACC,1400.0,2019-08-29,2019-08-16,1580.9590679265812
ACC,1400.0,2019-08-29,2019-08-16,1580.9590679265812
ACC,1400.0,2019-09-26,2019-08-16,1596.5590260862336
ACC,1400.0,2019-09-26,2019-08-16,1596.5590260862336
ACC,1400.0,2019-10-31,2019-08-16,1595.5502665649708
ACC,1400.0,2019-10-31,2019-08-16,1595.5502665649708
BANKNIFTY,29700.0,2019-10-17,2019-10-16,28604.581785500508
BANKNIFTY,29700.0,2019-10-17,2019-10-16,28604.581785500508
BANKNIFTY,29700.0,2019-10-24,2019-10-16,28322.919882771945
BANKNIFTY,29700.0,2019-10-24,2019-10-16,28322.919882771945
BANKNIFTY,29700.0,2019-10-31,2019-10-16,28558.885259197745
BANKNIFTY,29700.0,2019-10-31,2019-10-16,28558.885259197745
BANKNIFTY,29700.0,2019-11-07,2019-10-16,28533.72788863234
BANKNIFTY,29700.0,2019-11-07,2019-10-16,28533.72788863234
BANKNIFTY,29700.0,2019-11-14,2019-10-16,28277.34774495524
BANKNIFTY,29700.0,2019-11-14,2019-10-16,28277.34774495524
BANKNIFTY,29700.0,2019-11-21,2019-10-16,29132.744802070985
BANKNIFTY,29700.0,2019-11-21,2019-10-16,29132.744802070985
BANKNIFTY,29700.0,2019-11-28,2019-10-16,28289.319033909123
BANKNIFTY,29700.0,2019-11-28,2019-10-16,28289.319033909123
BANKNIFTY,29700.0,2019-12-05,2019-10-16,28522.970414424188
BANKNIFTY,29700.0,2019-12-05,2019-10-16,28522.970414424188
BANKNIFTY,29700.0,2019-12-12,2019-10-16,28233.34891759568
BANKNIFTY,29700.0,2019-12-12,2019-10-16,28233.34891759568
BANKNIFTY,29700.0,2019-12-26,2019-10-16,30167.037187950616
BANKNIFTY,29700.0,2019-12-26,2019-10-16,30167.037187950616
ACC,1400.0,2019-10-31,2019-10-16,1535.7762411743042
ACC,1400.0,2019-10-31,2019-10-16,1535.7762411743042
ACC,1400.0,2019-11-28,2019-10-16,1510.877664898073
ACC,1400.0,2019-11-28,2019-10-16,1510.877664898073
ACC,1400.0,2019-12-26,2019-10-16,1653.7995644151806
ACC,1400.0,2019-12-26,2019-10-16,1653.7995644151806
BANKNIFTY,29700.0,2019-09-19,2019-09-16,29237.09702817965
BANKNIFTY,29700.0,2019-09-19,2019-09-16,29237.09702817965
BANKNIFTY,29700.0,2019-09-26,2019-09-16,31725.19292216457
BANKNIFTY,29700.0,2019-09-26,2019-09-16,31725.19292216457
BANKNIFTY,29700.0,2019-10-03,2019-09-16,28632.56608783113
BANKNIFTY,29700.0,2019-10-03,2019-09-16,28632.56608783113
BANKNIFTY,29700.0,2019-10-10,2019-09-16,28332.61649904093
BANKNIFTY,29700.0,2019-10-10,2019-09-16,28332.61649904093
BANKNIFTY,29700.0,2019-10-17,2019-09-16,28392.294129680642
BANKNIFTY,29700.0,2019-10-17,2019-09-16,28392.294129680642
BANKNIFTY,29700.0,2019-10-24,2019-09-16,28263.598953661935
BANKNIFTY,29700.0,2019-10-24,2019-09-16,28263.598953661935
BANKNIFTY,29700.0,2019-10-31,2019-09-16,29386.080944921516
BANKNIFTY,29700.0,2019-10-31,2019-09-16,29386.080944921516
BANKNIFTY,29700.0,2019-11-07,2019-09-16,28149.890077421052
BANKNIFTY,29700.0,2019-11-07,2019-09-16,28149.890077421052
BANKNIFTY,29700.0,2019-11-14,2019-09-16,28156.026325147166
BANKNIFTY,29700.0,2019-11-14,2019-09-16,28156.026325147166
BANKNIFTY,29700.0,2019-11-28,2019-09-16,28168.230062350292
BANKNIFTY,29700.0,2019-11-28,2019-09-16,28168.230062350292
ACC,1400.0,2019-09-26,2019-09-16,1500.9335047484983
ACC,1400.0,2019-09-26,2019-09-16,1500.9335047484983
ACC,1400.0,2019-10-31,2019-09-16,1481.8964081781187
ACC,1400.0,2019-10-31,2019-09-16,1481.8964081781187
ACC,1400.0,2019-11-28,2019-09-16,1507.5697672488354
ACC,1400.0,2019-11-28,2019-09-16,1507.5697672488354
BANKNIFTY,29700.0,2019-10-17,2019-10-17,29010.131785500507
BANKNIFTY,29700.0,2019-10-17,2019-10-17,29010.131785500507
BANKNIFTY,29700.0,2019-10-24,2019-10-17,28995.9341981136
BANKNIFTY,29700.0,2019-10-24,2019-10-17,28995.9341981136
BANKNIFTY,29700.0,2019-10-31,2019-10-17,29013.145679118676
BANKNIFTY,29700.0,2019-10-31,2019-10-17,29013.145679118676
BANKNIFTY,29700.0,2019-11-07,2019-10-17,28537.7844168661
BANKNIFTY,29700.0,2019-11-07,2019-10-17,28537.7844168661
BANKNIFTY,29700.0,2019-11-14,2019-10-17,28281.40038523179
BANKNIFTY,29700.0,2019-11-14,2019-10-17,28281.40038523179
BANKNIFTY,29700.0,2019-11-21,2019-10-17,29136.79355811672
BANKNIFTY,29700.0,2019-11-21,2019-10-17,29136.79355811672
BANKNIFTY,29700.0,2019-11-28,2019-10-17,28293.36390944686
BANKNIFTY,29700.0,2019-11-28,2019-10-17,28293.36390944686
BANKNIFTY,29700.0,2019-12-05,2019-10-17,28527.011413173183
BANKNIFTY,29700.0,2019-12-05,2019-10-17,28527.011413173183
BANKNIFTY,29700.0,2019-12-12,2019-10-17,28237.386043271617
BANKNIFTY,29700.0,2019-12-12,2019-10-17,28237.386043271617
BANKNIFTY,29700.0,2019-12-26,2019-10-17,30171.066578613263
BANKNIFTY,29700.0,2019-12-26,2019-10-17,30171.066578613263
ACC,1400.0,2019-10-31,2019-10-17,1530.2676414399377
ACC,1400.0,2019-10-31,2019-10-17,1530.2676414399377
ACC,1400.0,2019-11-28,2019-10-17,1511.0683324318384
ACC,1400.0,2019-11-28,2019-10-17,1511.0683324318384
ACC,1400.0,2019-12-26,2019-10-17,1653.9895020221738
ACC,1400.0,2019-12-26,2019-10-17,1653.9895020221738
BANKNIFTY,29700.0,2019-09-19,2019-09-17,29241.5641282525
BANKNIFTY,29700.0,2019-09-19,2019-09-17,29241.5641282525
BANKNIFTY,29700.0,2019-09-26,2019-09-17,31729.256124147694
BANKNIFTY,29700.0,2019-09-26,2019-09-17,31729.256124147694
BANKNIFTY,29700.0,2019-10-03,2019-09-17,28636.625395460625
BANKNIFTY,29700.0,2019-10-03,2019-09-17,28636.625395460625
BANKNIFTY,29700.0,2019-10-10,2019-09-17,28336.671916049323
BANKNIFTY,29700.0,2019-10-10,2019-09-17,28336.671916049323
BANKNIFTY,29700.0,2019-10-17,2019-09-17,28396.34565979687
BANKNIFTY,29700.0,2019-10-17,2019-09-17,28396.34565979687
BANKNIFTY,29700.0,2019-10-24,2019-09-17,28267.64660061138
BANKNIFTY,29700.0,2019-10-24,2019-09-17,28267.64660061138
BANKNIFTY,29700.0,2019-10-31,2019-09-17,29390.12471242597
BANKNIFTY,29700.0,2019-10-31,2019-09-17,29390.12471242597
BANKNIFTY,29700.0,2019-11-07,2019-09-17,28153.92996919875
BANKNIFTY,29700.0,2019-11-07,2019-09-17,28153.92996919875
BANKNIFTY,29700.0,2019-11-14,2019-09-17,28160.062344912778
BANKNIFTY,29700.0,2019-11-14,2019-09-17,28160.062344912778
BANKNIFTY,29700.0,2019-11-28,2019-09-17,28172.258349221498
BANKNIFTY,29700.0,2019-11-28,2019-09-17,28172.258349221498
ACC,1400.0,2019-09-26,2019-09-17,1499.72503615511
ACC,1400.0,2019-09-26,2019-09-17,1499.72503615511
ACC,1400.0,2019-10-31,2019-09-17,1491.387023481359
ACC,1400.0,2019-10-31,2019-09-17,1491.387023481359
ACC,1400.0,2019-11-28,2019-09-17,1507.759652825256
ACC,1400.0,2019-11-28,2019-09-17,1507.759652825256
BANKNIFTY,29700.0,2019-10-24,2019-10-18,29095.099070248907
BANKNIFTY,29700.0,2019-10-24,2019-10-18,29095.099070248907
BANKNIFTY,29700.0,2019-10-31,2019-10-18,29136.956655299615
BANKNIFTY,29700.0,2019-10-31,2019-10-18,29136.956655299615
BANKNIFTY,29700.0,2019-11-07,2019-10-18,28541.84150082672
BANKNIFTY,29700.0,2019-11-07,2019-10-18,28541.84150082672
BANKNIFTY,29700.0,2019-11-14,2019-10-18,28285.453580702575
BANKNIFTY,29700.0,2019-11-14,2019-10-18,28285.453580702575
BANKNIFTY,29700.0,2019-11-21,2019-10-18,29140.842868824562
BANKNIFTY,29700.0,2019-11-21,2019-10-18,29140.842868824562
BANKNIFTY,29700.0,2019-11-28,2019-10-18,28297.409339115096
BANKNIFTY,29700.0,2019-11-28,2019-10-18,28297.409339115096
BANKNIFTY,29700.0,2019-12-05,2019-10-18,28531.05296552157
BANKNIFTY,29700.0,2019-12-05,2019-10-18,28531.05296552157
BANKNIFTY,29700.0,2019-12-12,2019-10-18,28241.42372201635
BANKNIFTY,29700.0,2019-12-12,2019-10-18,28241.42372201635
BANKNIFTY,29700.0,2019-12-19,2019-10-18,29040.17158259676
BANKNIFTY,29700.0,2019-12-19,2019-10-18,29040.17158259676
BANKNIFTY,29700.0,2019-12-26,2019-10-18,30175.09652128503
BANKNIFTY,29700.0,2019-12-26,2019-10-18,30175.09652128503
ACC,1400.0,2019-10-31,2019-10-18,1547.759067926581
ACC,1400.0,2019-10-31,2019-10-18,1547.759067926581
ACC,1400.0,2019-11-28,2019-10-18,1511.2590260862335
ACC,1400.0,2019-11-28,2019-10-18,1511.2590260862335
ACC,1400.0,2019-12-26,2019-10-18,1654.1794656497993
ACC,1400.0,2019-12-26,2019-10-18,1654.1794656497993
BANKNIFTY,29700.0,2019-09-19,2019-09-18,29245.631785500507
BANKNIFTY,29700.0,2019-09-19,2019-09-18,29245.631785500507
BANKNIFTY,29700.0,2019-09-26,2019-09-18,31733.319882771946
BANKNIFTY,29700.0,2019-09-26,2019-09-18,31733.319882771946
BANKNIFTY,29700.0,2019-10-03,2019-09-18,28640.685259197748
BANKNIFTY,29700.0,2019-10-03,2019-09-18,28640.685259197748
BANKNIFTY,29700.0,2019-10-10,2019-09-18,28340.72788863234
BANKNIFTY,29700.0,2019-10-10,2019-09-18,28340.72788863234
BANKNIFTY,29700.0,2019-10-17,2019-09-18,28400.397744955244
BANKNIFTY,29700.0,2019-10-17,2019-09-18,28400.397744955244
BANKNIFTY,29700.0,2019-10-24,2019-09-18,28271.694802070986
BANKNIFTY,29700.0,2019-10-24,2019-09-18,28271.694802070986
BANKNIFTY,29700.0,2019-10-31,2019-09-18,29394.169033909122
BANKNIFTY,29700.0,2019-10-31,2019-09-18,29394.169033909122
BANKNIFTY,29700.0,2019-11-07,2019-09-18,28157.970414424188
BANKNIFTY,29700.0,2019-11-07,2019-09-18,28157.970414424188
BANKNIFTY,29700.0,2019-11-14,2019-09-18,28164.09891759568
BANKNIFTY,29700.0,2019-11-14,2019-09-18,28164.09891759568
BANKNIFTY,29700.0,2019-11-28,2019-09-18,28176.287187950616
BANKNIFTY,29700.0,2019-11-28,2019-09-18,28176.287187950616
ACC,1400.0,2019-09-26,2019-09-18,1501.3665938006977
ACC,1400.0,2019-09-26,2019-09-18,1501.3665938006977
ACC,1400.0,2019-10-31,2019-09-18,1490.777664898073
ACC,1400.0,2019-10-31,2019-09-18,1490.777664898073
ACC,1400.0,2019-11-28,2019-09-18,1507.9495644151807
ACC,1400.0,2019-11-28,2019-09-18,1507.9495644151807
BANKNIFTY,29700.0,2019-08-22,2019-08-19,29159.747028179652
BANKNIFTY,29700.0,2019-08-22,2019-08-19,29159.747028179652
BANKNIFTY,29700.0,2019-08-29,2019-08-19,28174.79292216457
BANKNIFTY,29700.0,2019-08-29,2019-08-19,28174.79292216457
BANKNIFTY,29700.0,2019-09-05,2019-08-19,30855.166087831127
BANKNIFTY,29700.0,2019-09-05,2019-08-19,30855.166087831127
BANKNIFTY,29700.0,2019-09-12,2019-08-19,30964.56649904093
BANKNIFTY,29700.0,2019-09-12,2019-08-19,30964.56649904093
BANKNIFTY,29700.0,2019-09-19,2019-08-19,30646.19412968064
BANKNIFTY,29700.0,2019-09-19,2019-08-19,30646.19412968064
BANKNIFTY,29700.0,2019-09-26,2019-08-19,31611.648953661934
BANKNIFTY,29700.0,2019-09-26,2019-08-19,31611.648953661934
BANKNIFTY,29700.0,2019-10-03,2019-08-19,28519.13094492152
BANKNIFTY,29700.0,2019-10-03,2019-08-19,28519.13094492152
BANKNIFTY,29700.0,2019-10-10,2019-08-19,28219.29007742105
BANKNIFTY,29700.0,2019-10-10,2019-08-19,28219.29007742105
BANKNIFTY,29700.0,2019-10-17,2019-08-19,28279.07632514717
BANKNIFTY,29700.0,2019-10-17,2019-08-19,28279.07632514717
BANKNIFTY,29700.0,2019-10-31,2019-08-19,29273.08006235029
BANKNIFTY,29700.0,2019-10-31,2019-08-19,29273.08006235029
ACC,1400.0,2019-08-29,2019-08-19,1582.1335047484984
ACC,1400.0,2019-08-29,2019-08-19,1582.1335047484984
ACC,1400.0,2019-09-26,2019-08-19,1623.83126380898
ACC,1400.0,2019-09-26,2019-08-19,1623.83126380898
ACC,1400.0,2019-10-31,2019-08-19,1596.1197672488354
ACC,1400.0,2019-10-31,2019-08-19,1596.1197672488354
BANKNIFTY,29700.0,2019-09-19,2019-09-19,29244.281785500505
BANKNIFTY,29700.0,2019-09-19,2019-09-19,29244.281785500505
BANKNIFTY,29700.0,2019-09-26,2019-09-19,31737.3841981136
BANKNIFTY,29700.0,2019-09-26,2019-09-19,31737.3841981136
BANKNIFTY,29700.0,2019-10-03,2019-09-19,28644.745679118678
BANKNIFTY,29700.0,2019-10-03,2019-09-19,28644.745679118678
BANKNIFTY,29700.0,2019-10-10,2019-09-19,28344.7844168661
BANKNIFTY,29700.0,2019-10-10,2019-09-19,28344.7844168661
BANKNIFTY,29700.0,2019-10-17,2019-09-19,28404.450385231794
BANKNIFTY,29700.0,2019-10-17,2019-09-19,28404.450385231794
BANKNIFTY,29700.0,2019-10-24,2019-09-19,28275.74355811672
BANKNIFTY,29700.0,2019-10-24,2019-09-19,28275.74355811672
BANKNIFTY,29700.0,2019-10-31,2019-09-19,29398.21390944686
BANKNIFTY,29700.0,2019-10-31,2019-09-19,29398.21390944686
BANKNIFTY,29700.0,2019-11-07,2019-09-19,28162.011413173183
BANKNIFTY,29700.0,2019-11-07,2019-09-19,28162.011413173183
BANKNIFTY,29700.0,2019-11-14,2019-09-19,28168.136043271617
BANKNIFTY,29700.0,2019-11-14,2019-09-19,28168.136043271617
BANKNIFTY,29700.0,2019-11-28,2019-09-19,28180.316578613263
BANKNIFTY,29700.0,2019-11-28,2019-09-19,28180.316578613263
ACC,1400.0,2019-09-26,2019-09-19,1488.1581776888565
ACC,1400.0,2019-09-26,2019-09-19,1488.1581776888565
ACC,1400.0,2019-10-31,2019-09-19,1488.9683324318385
ACC,1400.0,2019-10-31,2019-09-19,1488.9683324318385
ACC,1400.0,2019-11-28,2019-09-19,1508.139502022174
ACC,1400.0,2019-11-28,2019-09-19,1508.139502022174
BANKNIFTY,29700.0,2019-08-22,2019-08-20,29162.8641282525
BANKNIFTY,29700.0,2019-08-22,2019-08-20,29162.8641282525
BANKNIFTY,29700.0,2019-08-29,2019-08-20,27940.156124147692
BANKNIFTY,29700.0,2019-08-29,2019-08-20,27940.156124147692
BANKNIFTY,29700.0,2019-09-05,2019-08-20,30859.225395460624
BANKNIFTY,29700.0,2019-09-05,2019-08-20,30859.225395460624
BANKNIFTY,29700.0,2019-09-12,2019-08-20,30968.621916049324
BANKNIFTY,29700.0,2019-09-12,2019-08-20,30968.621916049324
BANKNIFTY,29700.0,2019-09-19,2019-08-20,30650.245659796867
BANKNIFTY,29700.0,2019-09-19,2019-08-20,30650.245659796867
BANKNIFTY,29700.0,2019-09-26,2019-08-20,31615.69660061138
BANKNIFTY,29700.0,2019-09-26,2019-08-20,31615.69660061138
BANKNIFTY,29700.0,2019-10-03,2019-08-20,28523.174712425975
BANKNIFTY,29700.0,2019-10-03,2019-08-20,28523.174712425975
BANKNIFTY,29700.0,2019-10-10,2019-08-20,28223.32996919875
BANKNIFTY,29700.0,2019-10-10,2019-08-20,28223.32996919875
BANKNIFTY,29700.0,2019-10-17,2019-08-20,28283.11234491278
BANKNIFTY,29700.0,2019-10-17,2019-08-20,28283.11234491278
BANKNIFTY,29700.0,2019-10-31,2019-08-20,29277.108349221497
BANKNIFTY,29700.0,2019-10-31,2019-08-20,29277.108349221497
ACC,1400.0,2019-08-29,2019-08-20,1581.52503615511
ACC,1400.0,2019-08-29,2019-08-20,1581.52503615511
ACC,1400.0,2019-09-26,2019-08-20,1624.0220619816812
ACC,1400.0,2019-09-26,2019-08-20,1624.0220619816812
ACC,1400.0,2019-10-31,2019-08-20,1596.3096528252559
ACC,1400.0,2019-10-31,2019-08-20,1596.3096528252559
BANKNIFTY,29700.0,2019-09-26,2019-09-20,28984.699070248906
BANKNIFTY,29700.0,2019-09-26,2019-09-20,28984.699070248906
BANKNIFTY,29700.0,2019-10-03,2019-09-20,28648.806655299617
BANKNIFTY,29700.0,2019-10-03,2019-09-20,28648.806655299617
BANKNIFTY,29700.0,2019-10-10,2019-09-20,28348.84150082672
BANKNIFTY,29700.0,2019-10-10,2019-09-20,28348.84150082672
BANKNIFTY,29700.0,2019-10-17,2019-09-20,28408.503580702578
BANKNIFTY,29700.0,2019-10-17,2019-09-20,28408.503580702578
BANKNIFTY,29700.0,2019-10-24,2019-09-20,28279.792868824563
BANKNIFTY,29700.0,2019-10-24,2019-09-20,28279.792868824563
BANKNIFTY,29700.0,2019-10-31,2019-09-20,29402.259339115095
BANKNIFTY,29700.0,2019-10-31,2019-09-20,29402.259339115095
BANKNIFTY,29700.0,2019-11-07,2019-09-20,28166.05296552157
BANKNIFTY,29700.0,2019-11-07,2019-09-20,28166.05296552157
BANKNIFTY,29700.0,2019-11-14,2019-09-20,28172.17372201635
BANKNIFTY,29700.0,2019-11-14,2019-09-20,28172.17372201635
BANKNIFTY,29700.0,2019-11-28,2019-09-20,28184.34652128503
BANKNIFTY,29700.0,2019-11-28,2019-09-20,28184.34652128503
ACC,1400.0,2019-09-26,2019-09-20,1492.8997878231808
ACC,1400.0,2019-09-26,2019-09-20,1492.8997878231808
ACC,1400.0,2019-10-31,2019-09-20,1505.1590260862336
ACC,1400.0,2019-10-31,2019-09-20,1505.1590260862336
ACC,1400.0,2019-11-28,2019-09-20,1508.3294656497994
ACC,1400.0,2019-11-28,2019-09-20,1508.3294656497994
BANKNIFTY,29700.0,2019-08-22,2019-08-21,29166.231785500506
BANKNIFTY,29700.0,2019-08-22,2019-08-21,29166.231785500506
BANKNIFTY,29700.0,2019-08-29,2019-08-21,27697.119882771945
BANKNIFTY,29700.0,2019-08-29,2019-08-21,27697.119882771945
BANKNIFTY,29700.0,2019-09-05,2019-08-21,30863.285259197746
BANKNIFTY,29700.0,2019-09-05,2019-08-21,30863.285259197746
BANKNIFTY,29700.0,2019-09-12,2019-08-21,30972.67788863234
BANKNIFTY,29700.0,2019-09-12,2019-08-21,30972.67788863234
BANKNIFTY,29700.0,2019-09-19,2019-08-21,30654.29774495524
BANKNIFTY,29700.0,2019-09-19,2019-08-21,30654.29774495524
BANKNIFTY,29700.0,2019-09-26,2019-08-21,31619.744802070985
BANKNIFTY,29700.0,2019-09-26,2019-08-21,31619.744802070985
BANKNIFTY,29700.0,2019-10-03,2019-08-21,28527.219033909125
BANKNIFTY,29700.0,2019-10-03,2019-08-21,28527.219033909125
BANKNIFTY,29700.0,2019-10-10,2019-08-21,28227.370414424186
BANKNIFTY,29700.0,2019-10-10,2019-08-21,28227.370414424186
BANKNIFTY,29700.0,2019-10-17,2019-08-21,28287.14891759568
BANKNIFTY,29700.0,2019-10-17,2019-08-21,28287.14891759568
BANKNIFTY,29700.0,2019-10-31,2019-08-21,29281.137187950615
BANKNIFTY,29700.0,2019-10-31,2019-08-21,29281.137187950615
ACC,1400.0,2019-08-29,2019-08-21,1576.8165938006975
ACC,1400.0,2019-08-29,2019-08-21,1576.8165938006975
ACC,1400.0,2019-09-26,2019-08-21,1611.1128862929086
ACC,1400.0,2019-09-26,2019-08-21,1611.1128862929086
ACC,1400.0,2019-10-31,2019-08-21,1596.4995644151807
ACC,1400.0,2019-10-31,2019-08-21,1596.4995644151807
BANKNIFTY,29700.0,2019-08-22,2019-08-22,29164.631785500507
BANKNIFTY,29700.0,2019-08-22,2019-08-22,29164.631785500507
BANKNIFTY,29700.0,2019-08-29,2019-08-22,27125.284198113597
BANKNIFTY,29700.0,2019-08-29,2019-08-22,27125.284198113597
BANKNIFTY,29700.0,2019-09-05,2019-08-22,30867.345679118676
BANKNIFTY,29700.0,2019-09-05,2019-08-22,30867.345679118676
BANKNIFTY,29700.0,2019-09-12,2019-08-22,30976.7344168661
BANKNIFTY,29700.0,2019-09-12,2019-08-22,30976.7344168661
BANKNIFTY,29700.0,2019-09-19,2019-08-22,30658.35038523179
BANKNIFTY,29700.0,2019-09-19,2019-08-22,30658.35038523179
BANKNIFTY,29700.0,2019-09-26,2019-08-22,31623.79355811672
BANKNIFTY,29700.0,2019-09-26,2019-08-22,31623.79355811672
BANKNIFTY,29700.0,2019-10-03,2019-08-22,28531.26390944686
BANKNIFTY,29700.0,2019-10-03,2019-08-22,28531.26390944686
BANKNIFTY,29700.0,2019-10-10,2019-08-22,28231.41141317318
BANKNIFTY,29700.0,2019-10-10,2019-08-22,28231.41141317318
BANKNIFTY,29700.0,2019-10-17,2019-08-22,28291.18604327162
BANKNIFTY,29700.0,2019-10-17,2019-08-22,28291.18604327162
BANKNIFTY,29700.0,2019-10-31,2019-08-22,29285.16657861326
BANKNIFTY,29700.0,2019-10-31,2019-08-22,29285.16657861326
ACC,1400.0,2019-08-29,2019-08-22,1460.8581776888566
ACC,1400.0,2019-08-29,2019-08-22,1460.8581776888566
ACC,1400.0,2019-09-26,2019-08-22,1606.3037367462427
ACC,1400.0,2019-09-26,2019-08-22,1606.3037367462427
ACC,1400.0,2019-10-31,2019-08-22,1596.6895020221739
ACC,1400.0,2019-10-31,2019-08-22,1596.6895020221739
BANKNIFTY,29700.0,2019-10-24,2019-10-22,29451.3141282525
BANKNIFTY,29700.0,2019-10-24,2019-10-22,29451.3141282525
BANKNIFTY,29700.0,2019-10-31,2019-10-22,29459.656124147692
BANKNIFTY,29700.0,2019-10-31,2019-10-22,29459.656124147692
BANKNIFTY,29700.0,2019-11-07,2019-10-22,28558.075395460623
BANKNIFTY,29700.0,2019-11-07,2019-10-22,28558.075395460623
BANKNIFTY,29700.0,2019-11-14,2019-10-22,28301.671916049323
BANKNIFTY,29700.0,2019-11-14,2019-10-22,28301.671916049323
BANKNIFTY,29700.0,2019-11-21,2019-10-22,29157.045659796866
BANKNIFTY,29700.0,2019-11-21,2019-10-22,29157.045659796866
BANKNIFTY,29700.0,2019-11-28,2019-10-22,28313.59660061138
BANKNIFTY,29700.0,2019-11-28,2019-10-22,28313.59660061138
BANKNIFTY,29700.0,2019-12-05,2019-10-22,28547.224712425974
BANKNIFTY,29700.0,2019-12-05,2019-10-22,28547.224712425974
BANKNIFTY,29700.0,2019-12-12,2019-10-22,28257.57996919875
BANKNIFTY,29700.0,2019-12-12,2019-10-22,28257.57996919875
BANKNIFTY,29700.0,2019-12-19,2019-10-22,29056.312344912778
BANKNIFTY,29700.0,2019-12-19,2019-10-22,29056.312344912778
BANKNIFTY,29700.0,2019-12-26,2019-10-22,30191.221813576056
BANKNIFTY,29700.0,2019-12-26,2019-10-22,30191.221813576056
ACC,1400.0,2019-10-31,2019-10-22,1547.92503615511
ACC,1400.0,2019-10-31,2019-10-22,1547.92503615511
ACC,1400.0,2019-11-28,2019-10-22,1512.0220619816812
ACC,1400.0,2019-11-28,2019-10-22,1512.0220619816812
ACC,1400.0,2019-12-26,2019-10-22,1654.9395804379285
ACC,1400.0,2019-12-26,2019-10-22,1654.9395804379285
BANKNIFTY,29700.0,2019-08-29,2019-08-23,27093.649070248906
BANKNIFTY,29700.0,2019-08-29,2019-08-23,27093.649070248906
BANKNIFTY,29700.0,2019-09-05,2019-08-23,30871.406655299616
BANKNIFTY,29700.0,2019-09-05,2019-08-23,30871.406655299616
BANKNIFTY,29700.0,2019-09-12,2019-08-23,30980.79150082672
BANKNIFTY,29700.0,2019-09-12,2019-08-23,30980.79150082672
BANKNIFTY,29700.0,2019-09-19,2019-08-23,30662.403580702576
BANKNIFTY,29700.0,2019-09-19,2019-08-23,30662.403580702576
BANKNIFTY,29700.0,2019-09-26,2019-08-23,31627.842868824562
BANKNIFTY,29700.0,2019-09-26,2019-08-23,31627.842868824562
BANKNIFTY,29700.0,2019-10-03,2019-08-23,28535.309339115098
BANKNIFTY,29700.0,2019-10-03,2019-08-23,28535.309339115098
BANKNIFTY,29700.0,2019-10-10,2019-08-23,28235.452965521567
BANKNIFTY,29700.0,2019-10-10,2019-08-23,28235.452965521567
BANKNIFTY,29700.0,2019-10-17,2019-08-23,28295.22372201635
BANKNIFTY,29700.0,2019-10-17,2019-08-23,28295.22372201635
BANKNIFTY,29700.0,2019-10-31,2019-08-23,29289.19652128503
BANKNIFTY,29700.0,2019-10-31,2019-08-23,29289.19652128503
ACC,1400.0,2019-08-29,2019-08-23,1463.4497878231807
ACC,1400.0,2019-08-29,2019-08-23,1463.4497878231807
ACC,1400.0,2019-09-26,2019-08-23,1601.8946133452657
ACC,1400.0,2019-09-26,2019-08-23,1601.8946133452657
ACC,1400.0,2019-10-31,2019-08-23,1596.8794656497994
ACC,1400.0,2019-10-31,2019-08-23,1596.8794656497994
BANKNIFTY,29700.0,2019-10-24,2019-10-23,29452.031785500505
BANKNIFTY,29700.0,2019-10-24,2019-10-23,29452.031785500505
BANKNIFTY,29700.0,2019-10-31,2019-10-23,29469.219882771944
BANKNIFTY,29700.0,2019-10-31,2019-10-23,29469.219882771944
BANKNIFTY,29700.0,2019-11-07,2019-10-23,28562.135259197745
BANKNIFTY,29700.0,2019-11-07,2019-10-23,28562.135259197745
BANKNIFTY,29700.0,2019-11-14,2019-10-23,28305.72788863234
BANKNIFTY,29700.0,2019-11-14,2019-10-23,28305.72788863234
BANKNIFTY,29700.0,2019-11-21,2019-10-23,29161.09774495524
BANKNIFTY,29700.0,2019-11-21,2019-10-23,29161.09774495524
BANKNIFTY,29700.0,2019-11-28,2019-10-23,28317.644802070987
BANKNIFTY,29700.0,2019-11-28,2019-10-23,28317.644802070987
BANKNIFTY,29700.0,2019-12-05,2019-10-23,28551.269033909124
BANKNIFTY,29700.0,2019-12-05,2019-10-23,28551.269033909124
BANKNIFTY,29700.0,2019-12-12,2019-10-23,28261.620414424186
BANKNIFTY,29700.0,2019-12-12,2019-10-23,28261.620414424186
BANKNIFTY,29700.0,2019-12-19,2019-10-23,29060.34891759568
BANKNIFTY,29700.0,2019-12-19,2019-10-23,29060.34891759568
BANKNIFTY,29700.0,2019-12-26,2019-10-23,30195.25451742804
BANKNIFTY,29700.0,2019-12-26,2019-10-23,30195.25451742804
ACC,1400.0,2019-10-31,2019-10-23,1540.5665938006975
ACC,1400.0,2019-10-31,2019-10-23,1540.5665938006975
ACC,1400.0,2019-11-28,2019-10-23,1512.2128862929085
ACC,1400.0,2019-11-28,2019-10-23,1512.2128862929085
ACC,1400.0,2019-12-26,2019-10-23,1655.129674222197
ACC,1400.0,2019-12-26,2019-10-23,1655.129674222197
BANKNIFTY,29700.0,2019-09-26,2019-09-23,30510.84702817965
BANKNIFTY,29700.0,2019-09-26,2019-09-23,30510.84702817965
BANKNIFTY,29700.0,2019-10-03,2019-09-23,30243.29292216457
BANKNIFTY,29700.0,2019-10-03,2019-09-23,30243.29292216457
BANKNIFTY,29700.0,2019-10-10,2019-09-23,28361.016087831125
BANKNIFTY,29700.0,2019-10-10,2019-09-23,28361.016087831125
BANKNIFTY,29700.0,2019-10-17,2019-09-23,28420.666499040934
BANKNIFTY,29700.0,2019-10-17,2019-09-23,28420.666499040934
BANKNIFTY,29700.0,2019-10-24,2019-09-23,28291.94412968064
BANKNIFTY,29700.0,2019-10-24,2019-09-23,28291.94412968064
BANKNIFTY,29700.0,2019-10-31,2019-09-23,29414.398953661934
BANKNIFTY,29700.0,2019-10-31,2019-09-23,29414.398953661934
BANKNIFTY,29700.0,2019-11-07,2019-09-23,28178.180944921518
BANKNIFTY,29700.0,2019-11-07,2019-09-23,28178.180944921518
BANKNIFTY,29700.0,2019-11-14,2019-09-23,28184.29007742105
BANKNIFTY,29700.0,2019-11-14,2019-09-23,28184.29007742105
BANKNIFTY,29700.0,2019-11-21,2019-09-23,29039.776325147166
BANKNIFTY,29700.0,2019-11-21,2019-09-23,29039.776325147166
BANKNIFTY,29700.0,2019-11-28,2019-09-23,28196.439662111425
BANKNIFTY,29700.0,2019-11-28,2019-09-23,28196.439662111425
ACC,1400.0,2019-09-26,2019-09-23,1493.6247757391084
ACC,1400.0,2019-09-26,2019-09-23,1493.6247757391084
ACC,1400.0,2019-10-31,2019-09-23,1686.7312638089802
ACC,1400.0,2019-10-31,2019-09-23,1686.7312638089802
ACC,1400.0,2019-11-28,2019-09-23,1508.899512692121
ACC,1400.0,2019-11-28,2019-09-23,1508.899512692121
BANKNIFTY,29700.0,2019-10-24,2019-10-24,29112.881785500507
BANKNIFTY,29700.0,2019-10-24,2019-10-24,29112.881785500507
BANKNIFTY,29700.0,2019-10-31,2019-10-24,29145.084198113596
BANKNIFTY,29700.0,2019-10-31,2019-10-24,29145.084198113596
BANKNIFTY,29700.0,2019-11-07,2019-10-24,29187.045679118677
BANKNIFTY,29700.0,2019-11-07,2019-10-24,29187.045679118677
BANKNIFTY,29700.0,2019-11-14,2019-10-24,28309.7844168661
BANKNIFTY,29700.0,2019-11-14,2019-10-24,28309.7844168661
BANKNIFTY,29700.0,2019-11-21,2019-10-24,29165.15038523179
BANKNIFTY,29700.0,2019-11-21,2019-10-24,29165.15038523179
BANKNIFTY,29700.0,2019-11-28,2019-10-24,28321.69355811672
BANKNIFTY,29700.0,2019-11-28,2019-10-24,28321.69355811672
BANKNIFTY,29700.0,2019-12-05,2019-10-24,28555.31390944686
BANKNIFTY,29700.0,2019-12-05,2019-10-24,28555.31390944686
BANKNIFTY,29700.0,2019-12-12,2019-10-24,28265.66141317318
BANKNIFTY,29700.0,2019-12-12,2019-10-24,28265.66141317318
BANKNIFTY,29700.0,2019-12-19,2019-10-24,29064.386043271617
BANKNIFTY,29700.0,2019-12-19,2019-10-24,29064.386043271617
BANKNIFTY,29700.0,2019-12-26,2019-10-24,30199.287773743046
BANKNIFTY,29700.0,2019-12-26,2019-10-24,30199.287773743046
ACC,1400.0,2019-10-31,2019-10-24,1508.1581776888565
ACC,1400.0,2019-10-31,2019-10-24,1508.1581776888565
ACC,1400.0,2019-11-28,2019-10-24,1512.4037367462427
ACC,1400.0,2019-11-28,2019-10-24,1512.4037367462427
ACC,1400.0,2019-12-26,2019-10-24,1655.3197940484936
ACC,1400.0,2019-12-26,2019-10-24,1655.3197940484936
BANKNIFTY,29700.0,2019-09-26,2019-09-24,30224.7641282525
BANKNIFTY,29700.0,2019-09-26,2019-09-24,30224.7641282525
BANKNIFTY,29700.0,2019-10-03,2019-09-24,30255.95612414769
BANKNIFTY,29700.0,2019-10-03,2019-09-24,30255.95612414769
BANKNIFTY,29700.0,2019-10-10,2019-09-24,28365.075395460623
BANKNIFTY,29700.0,2019-10-10,2019-09-24,28365.075395460623
BANKNIFTY,29700.0,2019-10-17,2019-09-24,28424.721916049326
BANKNIFTY,29700.0,2019-10-17,2019-09-24,28424.721916049326
BANKNIFTY,29700.0,2019-10-24,2019-09-24,28295.995659796867
BANKNIFTY,29700.0,2019-10-24,2019-09-24,28295.995659796867
BANKNIFTY,29700.0,2019-10-31,2019-09-24,29418.44660061138
BANKNIFTY,29700.0,2019-10-31,2019-09-24,29418.44660061138
BANKNIFTY,29700.0,2019-11-07,2019-09-24,28182.224712425974
BANKNIFTY,29700.0,2019-11-07,2019-09-24,28182.224712425974
BANKNIFTY,29700.0,2019-11-14,2019-09-24,28188.32996919875
BANKNIFTY,29700.0,2019-11-14,2019-09-24,28188.32996919875
BANKNIFTY,29700.0,2019-11-21,2019-09-24,29043.812344912778
BANKNIFTY,29700.0,2019-11-21,2019-09-24,29043.812344912778
BANKNIFTY,29700.0,2019-11-28,2019-09-24,28200.471813576056
BANKNIFTY,29700.0,2019-11-28,2019-09-24,28200.471813576056
ACC,1400.0,2019-09-26,2019-09-24,1494.0164908940574
ACC,1400.0,2019-09-26,2019-09-24,1494.0164908940574
ACC,1400.0,2019-10-31,2019-09-24,1669.9220619816813
ACC,1400.0,2019-10-31,2019-09-24,1669.9220619816813
ACC,1400.0,2019-11-28,2019-09-24,1509.0895804379286
ACC,1400.0,2019-11-28,2019-09-24,1509.0895804379286
BANKNIFTY,29700.0,2019-10-31,2019-10-25,29413.599070248907
BANKNIFTY,29700.0,2019-10-31,2019-10-25,29413.599070248907
BANKNIFTY,29700.0,2019-11-07,2019-10-25,29211.606655299616
BANKNIFTY,29700.0,2019-11-07,2019-10-25,29211.606655299616
BANKNIFTY,29700.0,2019-11-14,2019-10-25,28313.84150082672
BANKNIFTY,29700.0,2019-11-14,2019-10-25,28313.84150082672
BANKNIFTY,29700.0,2019-11-21,2019-10-25,29169.203580702575
BANKNIFTY,29700.0,2019-11-21,2019-10-25,29169.203580702575
BANKNIFTY,29700.0,2019-11-28,2019-10-25,29269.192868824564
BANKNIFTY,29700.0,2019-11-28,2019-10-25,29269.192868824564
BANKNIFTY,29700.0,2019-12-05,2019-10-25,28559.359339115097
BANKNIFTY,29700.0,2019-12-05,2019-10-25,28559.359339115097
BANKNIFTY,29700.0,2019-12-12,2019-10-25,28269.702965521567
BANKNIFTY,29700.0,2019-12-12,2019-10-25,28269.702965521567
BANKNIFTY,29700.0,2019-12-19,2019-10-25,29068.42372201635
BANKNIFTY,29700.0,2019-12-19,2019-10-25,29068.42372201635
BANKNIFTY,29700.0,2019-12-26,2019-10-25,30203.32158259676
BANKNIFTY,29700.0,2019-12-26,2019-10-25,30203.32158259676
BANKNIFTY,29700.0,2020-01-02,2019-10-25,29162.14652128503
BANKNIFTY,29700.0,2020-01-02,2019-10-25,29162.14652128503
ACC,1400.0,2019-10-31,2019-10-25,1509.4497878231807
ACC,1400.0,2019-10-31,2019-10-25,1509.4497878231807
ACC,1400.0,2019-11-28,2019-10-25,1512.5946133452655
ACC,1400.0,2019-11-28,2019-10-25,1512.5946133452655
ACC,1400.0,2019-12-26,2019-10-25,1655.509939920386
ACC,1400.0,2019-12-26,2019-10-25,1655.509939920386
BANKNIFTY,29700.0,2019-09-26,2019-09-25,29629.681785500507
BANKNIFTY,29700.0,2019-09-26,2019-09-25,29629.681785500507
BANKNIFTY,29700.0,2019-10-03,2019-09-25,29667.469882771944
BANKNIFTY,29700.0,2019-10-03,2019-09-25,29667.469882771944
BANKNIFTY,29700.0,2019-10-10,2019-09-25,28369.135259197745
BANKNIFTY,29700.0,2019-10-10,2019-09-25,28369.135259197745
BANKNIFTY,29700.0,2019-10-17,2019-09-25,28428.777888632343
BANKNIFTY,29700.0,2019-10-17,2019-09-25,28428.777888632343
BANKNIFTY,29700.0,2019-10-24,2019-09-25,28300.04774495524
BANKNIFTY,29700.0,2019-10-24,2019-09-25,28300.04774495524
BANKNIFTY,29700.0,2019-10-31,2019-09-25,29661.54480207099
BANKNIFTY,29700.0,2019-10-31,2019-09-25,29661.54480207099
BANKNIFTY,29700.0,2019-11-07,2019-09-25,28186.269033909124
BANKNIFTY,29700.0,2019-11-07,2019-09-25,28186.269033909124
BANKNIFTY,29700.0,2019-11-14,2019-09-25,28192.370414424186
BANKNIFTY,29700.0,2019-11-14,2019-09-25,28192.370414424186
BANKNIFTY,29700.0,2019-11-21,2019-09-25,29047.84891759568
BANKNIFTY,29700.0,2019-11-21,2019-09-25,29047.84891759568
BANKNIFTY,29700.0,2019-11-28,2019-09-25,28204.50451742804
BANKNIFTY,29700.0,2019-11-28,2019-09-25,28204.50451742804
ACC,1400.0,2019-09-26,2019-09-25,1494.258232313155
ACC,1400.0,2019-09-26,2019-09-25,1494.258232313155
ACC,1400.0,2019-10-31,2019-09-25,1670.1128862929086
ACC,1400.0,2019-10-31,2019-09-25,1670.1128862929086
ACC,1400.0,2019-11-28,2019-09-25,1509.2796742221972
ACC,1400.0,2019-11-28,2019-09-25,1509.2796742221972
BANKNIFTY,29700.0,2019-08-29,2019-08-26,27808.39702817965
BANKNIFTY,29700.0,2019-08-29,2019-08-26,27808.39702817965
BANKNIFTY,29700.0,2019-09-05,2019-08-26,30883.59292216457
BANKNIFTY,29700.0,2019-09-05,2019-08-26,30883.59292216457
BANKNIFTY,29700.0,2019-09-12,2019-08-26,30992.966087831126
BANKNIFTY,29700.0,2019-09-12,2019-08-26,30992.966087831126
BANKNIFTY,29700.0,2019-09-19,2019-08-26,30674.56649904093
BANKNIFTY,29700.0,2019-09-19,2019-08-26,30674.56649904093
BANKNIFTY,29700.0,2019-09-26,2019-08-26,31639.994129680643
BANKNIFTY,29700.0,2019-09-26,2019-08-26,31639.994129680643
BANKNIFTY,29700.0,2019-10-03,2019-08-26,28547.448953661937
BANKNIFTY,29700.0,2019-10-03,2019-08-26,28547.448953661937
BANKNIFTY,29700.0,2019-10-10,2019-08-26,28247.580944921516
BANKNIFTY,29700.0,2019-10-10,2019-08-26,28247.580944921516
BANKNIFTY,29700.0,2019-10-17,2019-08-26,28307.340077421053
BANKNIFTY,29700.0,2019-10-17,2019-08-26,28307.340077421053
BANKNIFTY,29700.0,2019-10-31,2019-08-26,29301.289662111423
BANKNIFTY,29700.0,2019-10-31,2019-08-26,29301.289662111423
ACC,1400.0,2019-08-29,2019-08-26,1468.0747757391084
ACC,1400.0,2019-08-29,2019-08-26,1468.0747757391084
ACC,1400.0,2019-09-26,2019-08-26,1473.617400052286
ACC,1400.0,2019-09-26,2019-08-26,1473.617400052286
ACC,1400.0,2019-10-31,2019-08-26,1597.449512692121
ACC,1400.0,2019-10-31,2019-08-26,1597.449512692121
BANKNIFTY,29700.0,2019-09-26,2019-09-26,29991.081785500508
BANKNIFTY,29700.0,2019-09-26,2019-09-26,29991.081785500508
BANKNIFTY,29700.0,2019-10-03,2019-09-26,30104.634198113596
BANKNIFTY,29700.0,2019-10-03,2019-09-26,30104.634198113596
BANKNIFTY,29700.0,2019-10-10,2019-09-26,28373.195679118675
BANKNIFTY,29700.0,2019-10-10,2019-09-26,28373.195679118675
BANKNIFTY,29700.0,2019-10-17,2019-09-26,28432.834416866102
BANKNIFTY,29700.0,2019-10-17,2019-09-26,28432.834416866102
BANKNIFTY,29700.0,2019-10-24,2019-09-26,29697.800385231792
BANKNIFTY,29700.0,2019-10-24,2019-09-26,29697.800385231792
BANKNIFTY,29700.0,2019-10-31,2019-09-26,30090.84355811672
BANKNIFTY,29700.0,2019-10-31,2019-09-26,30090.84355811672
BANKNIFTY,29700.0,2019-11-07,2019-09-26,28190.31390944686
BANKNIFTY,29700.0,2019-11-07,2019-09-26,28190.31390944686
BANKNIFTY,29700.0,2019-11-14,2019-09-26,28196.41141317318
BANKNIFTY,29700.0,2019-11-14,2019-09-26,28196.41141317318
BANKNIFTY,29700.0,2019-11-21,2019-09-26,29051.886043271617
BANKNIFTY,29700.0,2019-11-21,2019-09-26,29051.886043271617
BANKNIFTY,29700.0,2019-11-28,2019-09-26,28208.537773743046
BANKNIFTY,29700.0,2019-11-28,2019-09-26,28208.537773743046
ACC,1400.0,2019-09-26,2019-09-26,1494.258232313155
ACC,1400.0,2019-09-26,2019-09-26,1494.258232313155
ACC,1400.0,2019-10-31,2019-09-26,1670.3037367462427
ACC,1400.0,2019-10-31,2019-09-26,1670.3037367462427
ACC,1400.0,2019-11-28,2019-09-26,1509.4697940484937
ACC,1400.0,2019-11-28,2019-09-26,1509.4697940484937
BANKNIFTY,29700.0,2019-08-29,2019-08-27,28148.214128252497
BANKNIFTY,29700.0,2019-08-29,2019-08-27,28148.214128252497
BANKNIFTY,29700.0,2019-09-05,2019-08-27,30887.656124147692
BANKNIFTY,29700.0,2019-09-05,2019-08-27,30887.656124147692
BANKNIFTY,29700.0,2019-09-12,2019-08-27,30997.025395460623
BANKNIFTY,29700.0,2019-09-12,2019-08-27,30997.025395460623
BANKNIFTY,29700.0,2019-09-19,2019-08-27,30678.621916049324
BANKNIFTY,29700.0,2019-09-19,2019-08-27,30678.621916049324
BANKNIFTY,29700.0,2019-09-26,2019-08-27,31644.045659796866
BANKNIFTY,29700.0,2019-09-26,2019-08-27,31644.045659796866
BANKNIFTY,29700.0,2019-10-03,2019-08-27,28551.496600611383
BANKNIFTY,29700.0,2019-10-03,2019-08-27,28551.496600611383
BANKNIFTY,29700.0,2019-10-10,2019-08-27,28251.62471242597
BANKNIFTY,29700.0,2019-10-10,2019-08-27,28251.62471242597
BANKNIFTY,29700.0,2019-10-17,2019-08-27,28311.37996919875
BANKNIFTY,29700.0,2019-10-17,2019-08-27,28311.37996919875
BANKNIFTY,29700.0,2019-10-31,2019-08-27,29305.321813576054
BANKNIFTY,29700.0,2019-10-31,2019-08-27,29305.321813576054
ACC,1400.0,2019-08-29,2019-08-27,1469.4164908940572
ACC,1400.0,2019-08-29,2019-08-27,1469.4164908940572
ACC,1400.0,2019-09-26,2019-08-27,1480.358381269886
ACC,1400.0,2019-09-26,2019-08-27,1480.358381269886
ACC,1400.0,2019-10-31,2019-08-27,1597.6395804379285
ACC,1400.0,2019-10-31,2019-08-27,1597.6395804379285
BANKNIFTY,29700.0,2019-10-31,2019-10-27,29476.93048520564
BANKNIFTY,29700.0,2019-10-31,2019-10-27,29476.93048520564
BANKNIFTY,29700.0,2019-11-07,2019-10-27,29468.63027674634
BANKNIFTY,29700.0,2019-11-07,2019-10-27,29468.63027674634
BANKNIFTY,29700.0,2019-11-14,2019-10-27,28321.957336233085
BANKNIFTY,29700.0,2019-11-14,2019-10-27,28321.957336233085
BANKNIFTY,29700.0,2019-11-21,2019-10-27,29177.311637531067
BANKNIFTY,29700.0,2019-11-21,2019-10-27,29177.311637531067
BANKNIFTY,29700.0,2019-11-28,2019-10-27,29306.59315453052
BANKNIFTY,29700.0,2019-11-28,2019-10-27,29306.59315453052
BANKNIFTY,29700.0,2019-12-05,2019-10-27,28567.451861146707
BANKNIFTY,29700.0,2019-12-05,2019-10-27,28567.451861146707
BANKNIFTY,29700.0,2019-12-12,2019-10-27,28277.787731319877
BANKNIFTY,29700.0,2019-12-12,2019-10-27,28277.787731319877
BANKNIFTY,29700.0,2019-12-19,2019-10-27,29076.500739015282
BANKNIFTY,29700.0,2019-12-19,2019-10-27,29076.500739015282
BANKNIFTY,29700.0,2019-12-26,2019-10-27,30211.39085822311
BANKNIFTY,29700.0,2019-12-26,2019-10-27,30211.39085822311
BANKNIFTY,29700.0,2020-01-02,2019-10-27,29170.208062958478
BANKNIFTY,29700.0,2020-01-02,2019-10-27,29170.208062958478
ACC,1400.0,2019-10-31,2019-10-27,1509.8330868447104
ACC,1400.0,2019-10-31,2019-10-27,1509.8330868447104
ACC,1400.0,2019-11-28,2019-10-27,1512.9764449947045
ACC,1400.0,2019-11-28,2019-10-27,1512.9764449947045
ACC,1400.0,2019-12-26,2019-10-27,1655.8903098152307
ACC,1400.0,2019-12-26,2019-10-27,1655.8903098152307
BANKNIFTY,29700.0,2019-10-03,2019-09-27,29948.49907024891
BANKNIFTY,29700.0,2019-10-03,2019-09-27,29948.49907024891
BANKNIFTY,29700.0,2019-10-10,2019-09-27,29923.456655299615
BANKNIFTY,29700.0,2019-10-10,2019-09-27,29923.456655299615
BANKNIFTY,29700.0,2019-10-17,2019-09-27,28436.89150082672
BANKNIFTY,29700.0,2019-10-17,2019-09-27,28436.89150082672
BANKNIFTY,29700.0,2019-10-24,2019-09-27,29701.853580702576
BANKNIFTY,29700.0,2019-10-24,2019-09-27,29701.853580702576
BANKNIFTY,29700.0,2019-10-31,2019-09-27,29977.242868824564
BANKNIFTY,29700.0,2019-10-31,2019-09-27,29977.242868824564
BANKNIFTY,29700.0,2019-11-07,2019-09-27,28197.859339115097
BANKNIFTY,29700.0,2019-11-07,2019-09-27,28197.859339115097
BANKNIFTY,29700.0,2019-11-14,2019-09-27,28200.452965521567
BANKNIFTY,29700.0,2019-11-14,2019-09-27,28200.452965521567
BANKNIFTY,29700.0,2019-11-21,2019-09-27,29055.92372201635
BANKNIFTY,29700.0,2019-11-21,2019-09-27,29055.92372201635
BANKNIFTY,29700.0,2019-11-28,2019-09-27,28212.57158259676
BANKNIFTY,29700.0,2019-11-28,2019-09-27,28212.57158259676
BANKNIFTY,29700.0,2019-12-26,2019-09-27,30090.58354659276
BANKNIFTY,29700.0,2019-12-26,2019-09-27,30090.58354659276
ACC,1400.0,2019-10-31,2019-09-27,1687.1446133452655
ACC,1400.0,2019-10-31,2019-09-27,1687.1446133452655
ACC,1400.0,2019-11-28,2019-09-27,1509.659939920386
ACC,1400.0,2019-11-28,2019-09-27,1509.659939920386
ACC,1400.0,2019-12-26,2019-09-27,1650.1956890649783
ACC,1400.0,2019-12-26,2019-09-27,1650.1956890649783
BANKNIFTY,29700.0,2019-10-10,2019-08-28,28255.669033909122
BANKNIFTY,29700.0,2019-10-17,2019-08-28,28315.42041442419
BANKNIFTY,29700.0,2019-10-31,2019-08-28,29309.354517428037
BANKNIFTY,29700.0,2019-09-26,2019-08-28,31648.097744955245
BANKNIFTY,29700.0,2019-09-05,2019-08-28,30891.719882771944
BANKNIFTY,29700.0,2019-10-03,2019-08-28,28555.54480207099
BANKNIFTY,29700.0,2019-08-29,2019-08-28,27814.931785500507
ACC,1400.0,2019-09-26,2019-08-28,1539.4493886510888
BANKNIFTY,29700.0,2019-10-24,2019-08-28,28186.79891759568
ACC,1400.0,2019-08-29,2019-08-28,1542.7082323131551
BANKNIFTY,29700.0,2019-09-12,2019-08-28,31001.085259197745
ACC,1400.0,2019-10-31,2019-08-28,1597.8296742221971
ACC,1400.0,2019-09-26,2019-08-28,1539.4493886510888
BANKNIFTY,29700.0,2019-10-31,2019-08-28,29309.354517428037
BANKNIFTY,29700.0,2019-10-03,2019-08-28,28555.54480207099
BANKNIFTY,29700.0,2019-09-12,2019-08-28,31001.085259197745
BANKNIFTY,29700.0,2019-10-17,2019-08-28,28315.42041442419
BANKNIFTY,29700.0,2019-09-26,2019-08-28,31648.097744955245
ACC,1400.0,2019-08-29,2019-08-28,1542.7082323131551
BANKNIFTY,29700.0,2019-10-24,2019-08-28,28186.79891759568
BANKNIFTY,29700.0,2019-10-10,2019-08-28,28255.669033909122
BANKNIFTY,29700.0,2019-09-05,2019-08-28,30891.719882771944
BANKNIFTY,29700.0,2019-09-19,2019-08-28,30682.67788863234
BANKNIFTY,29700.0,2019-08-29,2019-08-28,27814.931785500507
ACC,1400.0,2019-10-31,2019-08-28,1597.8296742221971
BANKNIFTY,29700.0,2019-09-19,2019-08-28,30682.67788863234
BANKNIFTY,29700.0,2019-08-29,2019-08-29,27309.881785500507
BANKNIFTY,29700.0,2019-08-29,2019-08-29,27309.881785500507
BANKNIFTY,29700.0,2019-09-05,2019-08-29,30895.784198113597
BANKNIFTY,29700.0,2019-09-05,2019-08-29,30895.784198113597
BANKNIFTY,29700.0,2019-09-12,2019-08-29,31005.145679118676
BANKNIFTY,29700.0,2019-09-12,2019-08-29,31005.145679118676
BANKNIFTY,29700.0,2019-09-19,2019-08-29,30686.7344168661
BANKNIFTY,29700.0,2019-09-19,2019-08-29,30686.7344168661
BANKNIFTY,29700.0,2019-09-26,2019-08-29,31652.15038523179
BANKNIFTY,29700.0,2019-09-26,2019-08-29,31652.15038523179
BANKNIFTY,29700.0,2019-10-03,2019-08-29,28559.59355811672
BANKNIFTY,29700.0,2019-10-03,2019-08-29,28559.59355811672
BANKNIFTY,29700.0,2019-10-10,2019-08-29,28259.71390944686
BANKNIFTY,29700.0,2019-10-10,2019-08-29,28259.71390944686
BANKNIFTY,29700.0,2019-10-17,2019-08-29,28319.461413173183
BANKNIFTY,29700.0,2019-10-17,2019-08-29,28319.461413173183
BANKNIFTY,29700.0,2019-10-24,2019-08-29,28190.836043271618
BANKNIFTY,29700.0,2019-10-24,2019-08-29,28190.836043271618
BANKNIFTY,29700.0,2019-10-31,2019-08-29,29313.387773743045
BANKNIFTY,29700.0,2019-10-31,2019-08-29,29313.387773743045
ACC,1400.0,2019-08-29,2019-08-29,1542.608232313155
ACC,1400.0,2019-08-29,2019-08-29,1542.608232313155
ACC,1400.0,2019-09-26,2019-08-29,1533.9404221994785
ACC,1400.0,2019-09-26,2019-08-29,1533.9404221994785
ACC,1400.0,2019-10-31,2019-08-29,1598.0197940484936
ACC,1400.0,2019-10-31,2019-08-29,1598.0197940484936
BANKNIFTY,29700.0,2019-10-31,2019-10-29,29888.5141282525
BANKNIFTY,29700.0,2019-10-31,2019-10-29,29888.5141282525
BANKNIFTY,29700.0,2019-11-07,2019-10-29,29903.356124147693
BANKNIFTY,29700.0,2019-11-07,2019-10-29,29903.356124147693
BANKNIFTY,29700.0,2019-11-14,2019-10-29,29282.825395460623
BANKNIFTY,29700.0,2019-11-14,2019-10-29,29282.825395460623
BANKNIFTY,29700.0,2019-11-21,2019-10-29,29185.421916049323
BANKNIFTY,29700.0,2019-11-21,2019-10-29,29185.421916049323
BANKNIFTY,29700.0,2019-11-28,2019-10-29,29877.045659796866
BANKNIFTY,29700.0,2019-11-28,2019-10-29,29877.045659796866
BANKNIFTY,29700.0,2019-12-05,2019-10-29,28575.546600611382
BANKNIFTY,29700.0,2019-12-05,2019-10-29,28575.546600611382
BANKNIFTY,29700.0,2019-12-12,2019-10-29,28285.87471242597
BANKNIFTY,29700.0,2019-12-12,2019-10-29,28285.87471242597
BANKNIFTY,29700.0,2019-12-19,2019-10-29,29084.57996919875
BANKNIFTY,29700.0,2019-12-19,2019-10-29,29084.57996919875
BANKNIFTY,29700.0,2019-12-26,2019-10-29,30219.46234491278
BANKNIFTY,29700.0,2019-12-26,2019-10-29,30219.46234491278
BANKNIFTY,29700.0,2020-01-02,2019-10-29,29178.271813576055
BANKNIFTY,29700.0,2020-01-02,2019-10-29,29178.271813576055
ACC,1400.0,2019-10-31,2019-10-29,1532.3164908940573
ACC,1400.0,2019-10-31,2019-10-29,1532.3164908940573
ACC,1400.0,2019-11-28,2019-10-29,1513.358381269886
ACC,1400.0,2019-11-28,2019-10-29,1513.358381269886
ACC,1400.0,2019-12-26,2019-10-29,1656.2707839352825
ACC,1400.0,2019-12-26,2019-10-29,1656.2707839352825
BANKNIFTY,29700.0,2019-09-05,2019-08-30,29154.199070248906
BANKNIFTY,29700.0,2019-09-05,2019-08-30,29154.199070248906
BANKNIFTY,29700.0,2019-09-12,2019-08-30,31009.206655299615
BANKNIFTY,29700.0,2019-09-12,2019-08-30,31009.206655299615
BANKNIFTY,29700.0,2019-09-19,2019-08-30,30690.79150082672
BANKNIFTY,29700.0,2019-09-19,2019-08-30,30690.79150082672
BANKNIFTY,29700.0,2019-09-26,2019-08-30,31656.203580702575
BANKNIFTY,29700.0,2019-09-26,2019-08-30,31656.203580702575
BANKNIFTY,29700.0,2019-10-03,2019-08-30,28563.642868824565
BANKNIFTY,29700.0,2019-10-03,2019-08-30,28563.642868824565
BANKNIFTY,29700.0,2019-10-10,2019-08-30,28263.759339115095
BANKNIFTY,29700.0,2019-10-10,2019-08-30,28263.759339115095
BANKNIFTY,29700.0,2019-10-17,2019-08-30,28323.50296552157
BANKNIFTY,29700.0,2019-10-17,2019-08-30,28323.50296552157
BANKNIFTY,29700.0,2019-10-24,2019-08-30,28194.87372201635
BANKNIFTY,29700.0,2019-10-24,2019-08-30,28194.87372201635
BANKNIFTY,29700.0,2019-10-31,2019-08-30,29317.42158259676
BANKNIFTY,29700.0,2019-10-31,2019-08-30,29317.42158259676
ACC,1400.0,2019-09-26,2019-08-30,1539.23148191864
ACC,1400.0,2019-09-26,2019-08-30,1539.23148191864
ACC,1400.0,2019-10-31,2019-08-30,1598.209939920386
ACC,1400.0,2019-10-31,2019-08-30,1598.209939920386
ACC,1400.0,2019-11-28,2019-08-30,1504.3456890649784
ACC,1400.0,2019-11-28,2019-08-30,1504.3456890649784
BANKNIFTY,29700.0,2019-10-31,2019-10-30,29979.881785500507
BANKNIFTY,29700.0,2019-10-31,2019-10-30,29979.881785500507
BANKNIFTY,29700.0,2019-11-07,2019-10-30,29963.269882771943
BANKNIFTY,29700.0,2019-11-07,2019-10-30,29963.269882771943
BANKNIFTY,29700.0,2019-11-14,2019-10-30,29286.885259197745
BANKNIFTY,29700.0,2019-11-14,2019-10-30,29286.885259197745
BANKNIFTY,29700.0,2019-11-21,2019-10-30,29189.47788863234
BANKNIFTY,29700.0,2019-11-21,2019-10-30,29189.47788863234
BANKNIFTY,29700.0,2019-11-28,2019-10-30,29992.09774495524
BANKNIFTY,29700.0,2019-11-28,2019-10-30,29992.09774495524
BANKNIFTY,29700.0,2019-12-05,2019-10-30,28579.594802070987
BANKNIFTY,29700.0,2019-12-05,2019-10-30,28579.594802070987
BANKNIFTY,29700.0,2019-12-12,2019-10-30,28289.919033909122
BANKNIFTY,29700.0,2019-12-12,2019-10-30,28289.919033909122
BANKNIFTY,29700.0,2019-12-19,2019-10-30,29088.620414424186
BANKNIFTY,29700.0,2019-12-19,2019-10-30,29088.620414424186
BANKNIFTY,29700.0,2019-12-26,2019-10-30,30223.49891759568
BANKNIFTY,29700.0,2019-12-26,2019-10-30,30223.49891759568
BANKNIFTY,29700.0,2020-01-02,2019-10-30,29182.304517428038
BANKNIFTY,29700.0,2020-01-02,2019-10-30,29182.304517428038
ACC,1400.0,2019-10-31,2019-10-30,1532.7082323131551
ACC,1400.0,2019-10-31,2019-10-30,1532.7082323131551
ACC,1400.0,2019-11-28,2019-10-30,1555.9493886510888
ACC,1400.0,2019-11-28,2019-10-30,1555.9493886510888
ACC,1400.0,2019-12-26,2019-10-30,1656.4610600886851
ACC,1400.0,2019-12-26,2019-10-30,1656.4610600886851
BANKNIFTY,29700.0,2019-10-03,2019-09-30,29202.747028179652
BANKNIFTY,29700.0,2019-10-03,2019-09-30,29202.747028179652
BANKNIFTY,29700.0,2019-10-10,2019-09-30,29221.242922164573
BANKNIFTY,29700.0,2019-10-10,2019-09-30,29221.242922164573
BANKNIFTY,29700.0,2019-10-17,2019-09-30,28449.06608783113
BANKNIFTY,29700.0,2019-10-17,2019-09-30,28449.06608783113
BANKNIFTY,29700.0,2019-10-24,2019-09-30,29714.016499040932
BANKNIFTY,29700.0,2019-10-24,2019-09-30,29714.016499040932
BANKNIFTY,29700.0,2019-10-31,2019-09-30,29210.24412968064
BANKNIFTY,29700.0,2019-10-31,2019-09-30,29210.24412968064
BANKNIFTY,29700.0,2019-11-07,2019-09-30,28209.998953661936
BANKNIFTY,29700.0,2019-11-07,2019-09-30,28209.998953661936
BANKNIFTY,29700.0,2019-11-14,2019-09-30,28212.580944921516
BANKNIFTY,29700.0,2019-11-14,2019-09-30,28212.580944921516
BANKNIFTY,29700.0,2019-11-21,2019-09-30,29068.04007742105
BANKNIFTY,29700.0,2019-11-21,2019-09-30,29068.04007742105
BANKNIFTY,29700.0,2019-11-28,2019-09-30,28224.676325147168
BANKNIFTY,29700.0,2019-11-28,2019-09-30,28224.676325147168
BANKNIFTY,29700.0,2019-12-26,2019-09-30,30102.641948922126
BANKNIFTY,29700.0,2019-12-26,2019-09-30,30102.641948922126
ACC,1400.0,2019-10-31,2019-09-30,1684.117400052286
ACC,1400.0,2019-10-31,2019-09-30,1684.117400052286
ACC,1400.0,2019-11-28,2019-09-30,1510.230533845321
ACC,1400.0,2019-11-28,2019-09-30,1510.230533845321
ACC,1400.0,2019-12-26,2019-09-30,1650.7640986023896
ACC,1400.0,2019-12-26,2019-09-30,1650.7640986023896
BANKNIFTY,29700.0,2019-10-31,2019-10-31,30078.831785500508
BANKNIFTY,29700.0,2019-10-31,2019-10-31,30078.831785500508
BANKNIFTY,29700.0,2019-11-07,2019-10-31,29965.134198113596
BANKNIFTY,29700.0,2019-11-07,2019-10-31,29965.134198113596
BANKNIFTY,29700.0,2019-11-14,2019-10-31,29900.895679118676
BANKNIFTY,29700.0,2019-11-14,2019-10-31,29900.895679118676
BANKNIFTY,29700.0,2019-11-21,2019-10-31,29193.5344168661
BANKNIFTY,29700.0,2019-11-21,2019-10-31,29193.5344168661
BANKNIFTY,29700.0,2019-11-28,2019-10-31,29986.050385231792
BANKNIFTY,29700.0,2019-11-28,2019-10-31,29986.050385231792
BANKNIFTY,29700.0,2019-12-05,2019-10-31,28583.64355811672
BANKNIFTY,29700.0,2019-12-05,2019-10-31,28583.64355811672
BANKNIFTY,29700.0,2019-12-12,2019-10-31,28293.96390944686
BANKNIFTY,29700.0,2019-12-12,2019-10-31,28293.96390944686
BANKNIFTY,29700.0,2019-12-19,2019-10-31,29092.66141317318
BANKNIFTY,29700.0,2019-12-19,2019-10-31,29092.66141317318
BANKNIFTY,29700.0,2019-12-26,2019-10-31,30227.53604327162
BANKNIFTY,29700.0,2019-12-26,2019-10-31,30227.53604327162
BANKNIFTY,29700.0,2020-01-02,2019-10-31,29186.337773743046
BANKNIFTY,29700.0,2020-01-02,2019-10-31,29186.337773743046
ACC,1400.0,2019-10-31,2019-10-31,1552.758232313155
ACC,1400.0,2019-10-31,2019-10-31,1552.758232313155
ACC,1400.0,2019-11-28,2019-10-31,1560.1404221994785
ACC,1400.0,2019-11-28,2019-10-31,1560.1404221994785
ACC,1400.0,2019-12-26,2019-10-31,1656.6513623090998
ACC,1400.0,2019-12-26,2019-10-31,1656.6513623090998
